id,class_id
00019_Black_Footed_Albatross_0042_796071.jpg,7
00060_Black_Footed_Albatross_0081_426.jpg,0
00021_Black_Footed_Albatross_0060_796076.jpg,7
00008_Black_Footed_Albatross_0051_796103.jpg,85
00043_Black_Footed_Albatross_0038_212.jpg,7
00015_Black_Footed_Albatross_0040_796066.jpg,0
00029_Black_Footed_Albatross_0026_796095.jpg,0
00052_Black_Footed_Albatross_0088_796133.jpg,43
00039_Black_Footed_Albatross_0001_796111.jpg,0
00079_Laysan_Albatross_0080_821.jpg,0
00120_Laysan_Albatross_0051_1020.jpg,59
00081_Laysan_Albatross_0013_910.jpg,2
00068_Laysan_Albatross_0053_543.jpg,43
00103_Laysan_Albatross_0037_699.jpg,0
00075_Laysan_Albatross_0005_565.jpg,44
00089_Laysan_Albatross_0088_883.jpg,1
00112_Laysan_Albatross_0021_737.jpg,67
00099_Laysan_Albatross_0039_924.jpg,86
00143_Sooty_Albatross_0021_796339.jpg,0
00139_Sooty_Albatross_0024_1161.jpg,1
00178_Sooty_Albatross_0013_796402.jpg,0
00141_Sooty_Albatross_0073_1171.jpg,2
00128_Sooty_Albatross_0063_1101.jpg,0
00163_Sooty_Albatross_0065_796367.jpg,0
00135_Sooty_Albatross_0048_1130.jpg,0
00149_Sooty_Albatross_0049_796350.jpg,2
00172_Sooty_Albatross_0079_796389.jpg,40
00159_Sooty_Albatross_0025_796361.jpg,71
00197_Groove_Billed_Ani_0007_1615.jpg,3
00238_Groove_Billed_Ani_0012_1784.jpg,128
00199_Groove_Billed_Ani_0029_1620.jpg,25
00186_Groove_Billed_Ani_0017_1561.jpg,26
00221_Groove_Billed_Ani_0004_1528.jpg,78
00193_Groove_Billed_Ani_0109_1592.jpg,25
00207_Groove_Billed_Ani_0053_1672.jpg,53
00230_Groove_Billed_Ani_0006_1763.jpg,25
00217_Groove_Billed_Ani_0074_1730.jpg,107
00261_Crested_Auklet_0052_794952.jpg,198
00257_Crested_Auklet_0001_794941.jpg,4
00282_Crested_Auklet_0048_1791.jpg,4
00259_Crested_Auklet_0074_794949.jpg,4
00246_Crested_Auklet_0044_1825.jpg,13
00253_Crested_Auklet_0032_794931.jpg,23
00267_Crested_Auklet_0073_785248.jpg,0
00277_Crested_Auklet_0070_785261.jpg,18
00305_Least_Auklet_0060_795095.jpg,5
00301_Least_Auklet_0052_795088.jpg,6
00303_Least_Auklet_0010_795092.jpg,5
00290_Least_Auklet_0026_795066.jpg,126
00297_Least_Auklet_0020_795080.jpg,5
00311_Least_Auklet_0004_795112.jpg,50
00321_Least_Auklet_0054_795130.jpg,5
00342_Parakeet_Auklet_0045_795953.jpg,6
00376_Parakeet_Auklet_0024_2045.jpg,5
00344_Parakeet_Auklet_0039_795955.jpg,23
00331_Parakeet_Auklet_0007_795932.jpg,5
00366_Parakeet_Auklet_0003_795982.jpg,5
00338_Parakeet_Auklet_0036_795943.jpg,4
00352_Parakeet_Auklet_0067_795964.jpg,6
00375_Parakeet_Auklet_0078_2004.jpg,186
00362_Parakeet_Auklet_0074_795976.jpg,198
00395_Rhinoceros_Auklet_0032_797516.jpg,24
00424_Rhinoceros_Auklet_0039_2174.jpg,7
00397_Rhinoceros_Auklet_0031_797518.jpg,7
00384_Rhinoceros_Auklet_0037_797499.jpg,44
00419_Rhinoceros_Auklet_0048_2162.jpg,92
00391_Rhinoceros_Auklet_0051_797510.jpg,51
00405_Rhinoceros_Auklet_0046_797532.jpg,49
00415_Rhinoceros_Auklet_0010_797545.jpg,71
00447_Brewer_Blackbird_0137_2680.jpg,139
00443_Brewer_Blackbird_0090_2658.jpg,133
00483_Brewer_Blackbird_0004_2345.jpg,28
00445_Brewer_Blackbird_0017_2668.jpg,3
00432_Brewer_Blackbird_0035_2611.jpg,25
00467_Brewer_Blackbird_0115_2279.jpg,12
00439_Brewer_Blackbird_0054_2631.jpg,29
00453_Brewer_Blackbird_0016_2225.jpg,133
00476_Brewer_Blackbird_0097_2322.jpg,28
00463_Brewer_Blackbird_0061_2270.jpg,22
00502_Red_Winged_Blackbird_0061_4196.jpg,25
00543_Red_Winged_Blackbird_0078_5372.jpg,8
00504_Red_Winged_Blackbird_0101_6244.jpg,107
00491_Red_Winged_Blackbird_0005_5636.jpg,108
00526_Red_Winged_Blackbird_0039_4285.jpg,81
00498_Red_Winged_Blackbird_0064_4936.jpg,48
00512_Red_Winged_Blackbird_0013_5762.jpg,43
00535_Red_Winged_Blackbird_0085_5846.jpg,3
00522_Red_Winged_Blackbird_0045_4526.jpg,99
00562_Rusty_Blackbird_0122_6736.jpg,172
00603_Rusty_Blackbird_0082_6906.jpg,22
00564_Rusty_Blackbird_0073_6744.jpg,77
00551_Rusty_Blackbird_0043_2597.jpg,26
00586_Rusty_Blackbird_0094_6582.jpg,184
00558_Rusty_Blackbird_0051_6715.jpg,8
00572_Rusty_Blackbird_0026_6768.jpg,28
00595_Rusty_Blackbird_0033_6879.jpg,8
00582_Rusty_Blackbird_0105_6937.jpg,9
00622_Yellow_Headed_Blackbird_0109_8271.jpg,115
00659_Yellow_Headed_Blackbird_0035_8447.jpg,108
00624_Yellow_Headed_Blackbird_0079_8535.jpg,81
00611_Yellow_Headed_Blackbird_0086_8487.jpg,11
00646_Yellow_Headed_Blackbird_0098_8367.jpg,25
00618_Yellow_Headed_Blackbird_0088_8257.jpg,43
00632_Yellow_Headed_Blackbird_0042_8574.jpg,12
00655_Yellow_Headed_Blackbird_0084_8435.jpg,138
00642_Yellow_Headed_Blackbird_0038_8689.jpg,96
00678_Bobolink_0065_9375.jpg,12
00719_Bobolink_0047_9204.jpg,12
00680_Bobolink_0119_10430.jpg,12
00667_Bobolink_0033_10809.jpg,9
00702_Bobolink_0064_10092.jpg,159
00674_Bobolink_0120_10859.jpg,12
00688_Bobolink_0071_9503.jpg,12
00711_Bobolink_0106_9126.jpg,12
00698_Bobolink_0027_10569.jpg,12
00738_Indigo_Bunting_0015_12632.jpg,120
00779_Indigo_Bunting_0074_12829.jpg,4
00740_Indigo_Bunting_0080_13416.jpg,42
00727_Indigo_Bunting_0028_12335.jpg,34
00762_Indigo_Bunting_0026_11964.jpg,179
00734_Indigo_Bunting_0084_11848.jpg,72
00748_Indigo_Bunting_0022_12781.jpg,73
00771_Indigo_Bunting_0065_14558.jpg,19
00758_Indigo_Bunting_0034_12464.jpg,101
00802_Lazuli_Bunting_0035_14920.jpg,157
00798_Lazuli_Bunting_0010_14915.jpg,102
00837_Lazuli_Bunting_0048_14844.jpg,47
00800_Lazuli_Bunting_0076_14662.jpg,170
00787_Lazuli_Bunting_0085_14627.jpg,54
00822_Lazuli_Bunting_0105_15017.jpg,122
00794_Lazuli_Bunting_0009_15163.jpg,77
00808_Lazuli_Bunting_0032_14778.jpg,179
00831_Lazuli_Bunting_0042_14820.jpg,163
00818_Lazuli_Bunting_0086_14992.jpg,81
00860_Painted_Bunting_0005_15202.jpg,15
00856_Painted_Bunting_0091_15198.jpg,15
00895_Painted_Bunting_0002_16887.jpg,72
00858_Painted_Bunting_0016_15200.jpg,147
00845_Painted_Bunting_0061_16930.jpg,96
00880_Painted_Bunting_0027_16536.jpg,185
00852_Painted_Bunting_0058_16719.jpg,73
00866_Painted_Bunting_0098_15226.jpg,192
00889_Painted_Bunting_0083_16587.jpg,138
00876_Painted_Bunting_0029_16530.jpg,48
00918_Cardinal_0025_17239.jpg,15
00914_Cardinal_0022_17233.jpg,15
00952_Cardinal_0002_18424.jpg,97
00916_Cardinal_0019_17368.jpg,16
00903_Cardinal_0103_17425.jpg,18
00938_Cardinal_0062_17334.jpg,171
00910_Cardinal_0066_17803.jpg,93
00924_Cardinal_0050_18035.jpg,139
00947_Cardinal_0057_17128.jpg,179
00934_Cardinal_0084_17576.jpg,147
00975_Spotted_Catbird_0029_796825.jpg,132
00971_Spotted_Catbird_0040_796820.jpg,17
00997_Spotted_Catbird_0035_796799.jpg,17
00973_Spotted_Catbird_0003_796822.jpg,119
00960_Spotted_Catbird_0041_796807.jpg,17
00967_Spotted_Catbird_0011_796815.jpg,180
00981_Spotted_Catbird_0005_19411.jpg,17
00991_Spotted_Catbird_0023_796793.jpg,123
01020_Gray_Catbird_0141_21174.jpg,178
01016_Gray_Catbird_0102_20644.jpg,124
01056_Gray_Catbird_0129_20987.jpg,15
01018_Gray_Catbird_0060_20656.jpg,192
01005_Gray_Catbird_0013_20562.jpg,73
01040_Gray_Catbird_0125_19833.jpg,30
01012_Gray_Catbird_0022_19585.jpg,139
01026_Gray_Catbird_0001_20695.jpg,42
01049_Gray_Catbird_0090_21464.jpg,55
01036_Gray_Catbird_0139_21281.jpg,173
01079_Yellow_Breasted_Chat_0058_21864.jpg,194
01075_Yellow_Breasted_Chat_0091_22111.jpg,67
01115_Yellow_Breasted_Chat_0013_22008.jpg,171
01077_Yellow_Breasted_Chat_0002_21819.jpg,161
01064_Yellow_Breasted_Chat_0048_21797.jpg,152
01099_Yellow_Breasted_Chat_0087_21695.jpg,154
01071_Yellow_Breasted_Chat_0095_21832.jpg,95
01085_Yellow_Breasted_Chat_0065_22137.jpg,130
01108_Yellow_Breasted_Chat_0017_21719.jpg,82
01095_Yellow_Breasted_Chat_0041_21683.jpg,172
01134_Eastern_Towhee_0126_22639.jpg,20
01175_Eastern_Towhee_0079_22690.jpg,108
01136_Eastern_Towhee_0017_22138.jpg,116
01123_Eastern_Towhee_0068_22194.jpg,94
01158_Eastern_Towhee_0015_22275.jpg,97
01130_Eastern_Towhee_0093_22621.jpg,96
01144_Eastern_Towhee_0098_22676.jpg,88
01167_Eastern_Towhee_0040_22341.jpg,105
01154_Eastern_Towhee_0031_22233.jpg,113
01194_Chuck_Will_Widow_0046_796966.jpg,104
01231_Chuck_Will_Widow_0054_22782.jpg,21
01196_Chuck_Will_Widow_0008_796968.jpg,121
01183_Chuck_Will_Widow_0009_796955.jpg,132
01218_Chuck_Will_Widow_0051_796991.jpg,21
01190_Chuck_Will_Widow_0015_796962.jpg,91
01204_Chuck_Will_Widow_0040_796976.jpg,104
01227_Chuck_Will_Widow_0043_797001.jpg,21
01214_Chuck_Will_Widow_0006_796986.jpg,21
01254_Brandt_Cormorant_0001_23398.jpg,43
01250_Brandt_Cormorant_0013_23391.jpg,99
01290_Brandt_Cormorant_0062_23038.jpg,24
01252_Brandt_Cormorant_0044_22884.jpg,23
01239_Brandt_Cormorant_0016_23077.jpg,49
01274_Brandt_Cormorant_0075_22970.jpg,24
01246_Brandt_Cormorant_0074_22881.jpg,133
01260_Brandt_Cormorant_0022_23157.jpg,2
01283_Brandt_Cormorant_0073_23259.jpg,24
01270_Brandt_Cormorant_0015_23198.jpg,26
01313_Red_Faced_Cormorant_0054_796301.jpg,23
01309_Red_Faced_Cormorant_0035_796294.jpg,4
01342_Red_Faced_Cormorant_0023_796328.jpg,141
01311_Red_Faced_Cormorant_0056_796297.jpg,23
01298_Red_Faced_Cormorant_0002_796275.jpg,12
01333_Red_Faced_Cormorant_0047_796330.jpg,22
01305_Red_Faced_Cormorant_0024_796285.jpg,186
01319_Red_Faced_Cormorant_0038_796313.jpg,4
01329_Red_Faced_Cormorant_0030_796325.jpg,5
01361_Pelagic_Cormorant_0037_23889.jpg,24
01402_Pelagic_Cormorant_0061_23548.jpg,0
01363_Pelagic_Cormorant_0100_23894.jpg,107
01350_Pelagic_Cormorant_0063_23515.jpg,23
01385_Pelagic_Cormorant_0041_23763.jpg,107
01357_Pelagic_Cormorant_0017_23875.jpg,71
01371_Pelagic_Cormorant_0002_23680.jpg,23
01394_Pelagic_Cormorant_0098_23783.jpg,22
01381_Pelagic_Cormorant_0018_23880.jpg,8
01421_Bronzed_Cowbird_0087_796223.jpg,25
01462_Bronzed_Cowbird_0016_796245.jpg,106
01423_Bronzed_Cowbird_0073_796226.jpg,25
01410_Bronzed_Cowbird_0030_24103.jpg,6
01445_Bronzed_Cowbird_0005_24173.jpg,147
01417_Bronzed_Cowbird_0001_796219.jpg,28
01431_Bronzed_Cowbird_0020_796237.jpg,133
01454_Bronzed_Cowbird_0019_796242.jpg,25
01441_Bronzed_Cowbird_0086_796259.jpg,8
01481_Shiny_Cowbird_0059_24421.jpg,28
01522_Shiny_Cowbird_0074_24297.jpg,18
01483_Shiny_Cowbird_0051_24438.jpg,25
01470_Shiny_Cowbird_0066_24358.jpg,81
01505_Shiny_Cowbird_0045_796856.jpg,26
01477_Shiny_Cowbird_0067_24392.jpg,4
01491_Shiny_Cowbird_0070_796832.jpg,106
01514_Shiny_Cowbird_0062_24271.jpg,12
01501_Shiny_Cowbird_0034_796849.jpg,28
01545_Brown_Creeper_0089_24841.jpg,27
01541_Brown_Creeper_0032_24800.jpg,27
01581_Brown_Creeper_0121_24574.jpg,27
01543_Brown_Creeper_0002_24838.jpg,27
01530_Brown_Creeper_0103_24632.jpg,27
01565_Brown_Creeper_0072_24977.jpg,27
01537_Brown_Creeper_0063_24724.jpg,27
01551_Brown_Creeper_0065_24464.jpg,27
01574_Brown_Creeper_0100_24502.jpg,168
01561_Brown_Creeper_0056_24452.jpg,27
01600_American_Crow_0139_25186.jpg,81
01641_American_Crow_0059_25599.jpg,8
01602_American_Crow_0131_25706.jpg,25
01589_American_Crow_0002_25122.jpg,25
01624_American_Crow_0047_25397.jpg,9
01596_American_Crow_0011_25151.jpg,29
01610_American_Crow_0080_25220.jpg,25
01633_American_Crow_0110_25541.jpg,133
01620_American_Crow_0081_25837.jpg,25
01660_Fish_Crow_0071_25155.jpg,106
01701_Fish_Crow_0016_25854.jpg,133
01662_Fish_Crow_0051_25934.jpg,133
01649_Fish_Crow_0041_25887.jpg,9
01684_Fish_Crow_0079_26030.jpg,43
01656_Fish_Crow_0036_25911.jpg,9
01670_Fish_Crow_0028_25968.jpg,31
01693_Fish_Crow_0047_26070.jpg,25
01680_Fish_Crow_0070_25504.jpg,18
01720_Black_Billed_Cuckoo_0077_26222.jpg,156
01761_Black_Billed_Cuckoo_0007_26320.jpg,20
01722_Black_Billed_Cuckoo_0052_26232.jpg,169
01709_Black_Billed_Cuckoo_0079_26180.jpg,161
01744_Black_Billed_Cuckoo_0093_795316.jpg,38
01716_Black_Billed_Cuckoo_0081_26209.jpg,31
01730_Black_Billed_Cuckoo_0023_26258.jpg,155
01753_Black_Billed_Cuckoo_0046_795328.jpg,92
01740_Black_Billed_Cuckoo_0062_795309.jpg,156
01780_Mangrove_Cuckoo_0010_26399.jpg,31
01814_Mangrove_Cuckoo_0017_794623.jpg,27
01782_Mangrove_Cuckoo_0011_26406.jpg,199
01769_Mangrove_Cuckoo_0025_26375.jpg,154
01804_Mangrove_Cuckoo_0026_794609.jpg,31
01776_Mangrove_Cuckoo_0037_26389.jpg,22
01790_Mangrove_Cuckoo_0027_26360.jpg,160
01813_Mangrove_Cuckoo_0019_794621.jpg,73
01800_Mangrove_Cuckoo_0043_794605.jpg,31
01837_Yellow_Billed_Cuckoo_0097_26713.jpg,47
01833_Yellow_Billed_Cuckoo_0034_26694.jpg,32
01873_Yellow_Billed_Cuckoo_0067_26878.jpg,139
01835_Yellow_Billed_Cuckoo_0039_26510.jpg,74
01822_Yellow_Billed_Cuckoo_0078_26888.jpg,139
01857_Yellow_Billed_Cuckoo_0116_26544.jpg,172
01829_Yellow_Billed_Cuckoo_0007_26687.jpg,30
01843_Yellow_Billed_Cuckoo_0053_26738.jpg,30
01866_Yellow_Billed_Cuckoo_0006_26578.jpg,152
01853_Yellow_Billed_Cuckoo_0018_26535.jpg,139
01896_Gray_Crowned_Rosy_Finch_0083_797281.jpg,119
01892_Gray_Crowned_Rosy_Finch_0025_797274.jpg,182
01932_Gray_Crowned_Rosy_Finch_0063_27123.jpg,109
01894_Gray_Crowned_Rosy_Finch_0007_797278.jpg,104
01881_Gray_Crowned_Rosy_Finch_0043_26990.jpg,17
01916_Gray_Crowned_Rosy_Finch_0072_26993.jpg,132
01888_Gray_Crowned_Rosy_Finch_0067_797289.jpg,128
01902_Gray_Crowned_Rosy_Finch_0040_26985.jpg,174
01925_Gray_Crowned_Rosy_Finch_0073_27104.jpg,119
01912_Gray_Crowned_Rosy_Finch_0047_797303.jpg,98
01951_Purple_Finch_0032_27305.jpg,33
01992_Purple_Finch_0036_27641.jpg,98
01953_Purple_Finch_0014_27322.jpg,154
01940_Purple_Finch_0031_28175.jpg,101
01975_Purple_Finch_0113_27547.jpg,34
01947_Purple_Finch_0098_27280.jpg,45
01961_Purple_Finch_0006_27950.jpg,80
01984_Purple_Finch_0118_27604.jpg,68
01971_Purple_Finch_0049_27507.jpg,162
02011_Northern_Flicker_0035_28332.jpg,123
02052_Northern_Flicker_0107_28667.jpg,187
02013_Northern_Flicker_0077_28341.jpg,189
02000_Northern_Flicker_0021_28741.jpg,188
02035_Northern_Flicker_0125_28485.jpg,42
02007_Northern_Flicker_0132_28313.jpg,66
02021_Northern_Flicker_0046_28391.jpg,109
02044_Northern_Flicker_0110_28602.jpg,91
02031_Northern_Flicker_0131_28962.jpg,109
02075_Acadian_Flycatcher_0031_795582.jpg,151
02071_Acadian_Flycatcher_0054_29113.jpg,37
02111_Acadian_Flycatcher_0024_29173.jpg,129
02073_Acadian_Flycatcher_0043_29115.jpg,152
02060_Acadian_Flycatcher_0070_29150.jpg,17
02095_Acadian_Flycatcher_0014_795607.jpg,152
02067_Acadian_Flycatcher_0051_29077.jpg,36
02081_Acadian_Flycatcher_0042_29127.jpg,179
02104_Acadian_Flycatcher_0005_29157.jpg,76
02091_Acadian_Flycatcher_0072_795603.jpg,14
02130_Great_Crested_Flycatcher_0099_29305.jpg,34
02171_Great_Crested_Flycatcher_0036_29693.jpg,96
02132_Great_Crested_Flycatcher_0133_29314.jpg,69
02119_Great_Crested_Flycatcher_0012_29264.jpg,134
02154_Great_Crested_Flycatcher_0107_29501.jpg,40
02126_Great_Crested_Flycatcher_0124_29294.jpg,168
02140_Great_Crested_Flycatcher_0049_29474.jpg,175
02163_Great_Crested_Flycatcher_0064_29546.jpg,84
02150_Great_Crested_Flycatcher_0044_29995.jpg,32
02194_Least_Flycatcher_0044_30349.jpg,18
02190_Least_Flycatcher_0052_30321.jpg,40
02230_Least_Flycatcher_0018_30462.jpg,176
02192_Least_Flycatcher_0100_30338.jpg,194
02179_Least_Flycatcher_0079_30256.jpg,150
02214_Least_Flycatcher_0070_30147.jpg,153
02186_Least_Flycatcher_0009_30303.jpg,54
02200_Least_Flycatcher_0029_30362.jpg,69
02223_Least_Flycatcher_0050_30189.jpg,97
02210_Least_Flycatcher_0067_30397.jpg,54
02249_Olive_Sided_Flycatcher_0069_30544.jpg,111
02290_Olive_Sided_Flycatcher_0027_30549.jpg,136
02251_Olive_Sided_Flycatcher_0005_30734.jpg,120
02238_Olive_Sided_Flycatcher_0078_30752.jpg,39
02273_Olive_Sided_Flycatcher_0058_796883.jpg,78
02245_Olive_Sided_Flycatcher_0033_30532.jpg,1
02259_Olive_Sided_Flycatcher_0040_30620.jpg,78
02282_Olive_Sided_Flycatcher_0081_796895.jpg,120
02269_Olive_Sided_Flycatcher_0055_796879.jpg,77
02309_Scissor_Tailed_Flycatcher_0089_41810.jpg,41
02350_Scissor_Tailed_Flycatcher_0005_41727.jpg,40
02311_Scissor_Tailed_Flycatcher_0069_41827.jpg,63
02298_Scissor_Tailed_Flycatcher_0094_42018.jpg,134
02333_Scissor_Tailed_Flycatcher_0021_41931.jpg,90
02305_Scissor_Tailed_Flycatcher_0025_42032.jpg,111
02319_Scissor_Tailed_Flycatcher_0076_41597.jpg,41
02342_Scissor_Tailed_Flycatcher_0062_41952.jpg,40
02329_Scissor_Tailed_Flycatcher_0048_41646.jpg,77
02369_Vermilion_Flycatcher_0022_42559.jpg,190
02410_Vermilion_Flycatcher_0009_42234.jpg,29
02371_Vermilion_Flycatcher_0057_42562.jpg,169
02358_Vermilion_Flycatcher_0038_42262.jpg,108
02393_Vermilion_Flycatcher_0063_42179.jpg,68
02365_Vermilion_Flycatcher_0052_42551.jpg,61
02379_Vermilion_Flycatcher_0018_42474.jpg,176
02402_Vermilion_Flycatcher_0065_42467.jpg,13
02389_Vermilion_Flycatcher_0017_42407.jpg,142
02433_Yellow_Bellied_Flycatcher_0003_795487.jpg,157
02429_Yellow_Bellied_Flycatcher_0020_795482.jpg,96
02469_Yellow_Bellied_Flycatcher_0016_795476.jpg,7
02431_Yellow_Bellied_Flycatcher_0025_795484.jpg,37
02418_Yellow_Bellied_Flycatcher_0012_795469.jpg,168
02453_Yellow_Bellied_Flycatcher_0065_42635.jpg,102
02425_Yellow_Bellied_Flycatcher_0038_795477.jpg,108
02439_Yellow_Bellied_Flycatcher_0018_795494.jpg,115
02462_Yellow_Bellied_Flycatcher_0063_42704.jpg,177
02449_Yellow_Bellied_Flycatcher_0004_795513.jpg,96
02488_Frigatebird_0091_43066.jpg,43
02529_Frigatebird_0070_43516.jpg,43
02490_Frigatebird_0001_43101.jpg,43
02477_Frigatebird_0047_43039.jpg,11
02512_Frigatebird_0045_42823.jpg,0
02484_Frigatebird_0008_43058.jpg,43
02498_Frigatebird_0092_43206.jpg,43
02521_Frigatebird_0035_43420.jpg,43
02508_Frigatebird_0121_42791.jpg,39
02548_Northern_Fulmar_0097_43865.jpg,44
02589_Northern_Fulmar_0018_43771.jpg,100
02550_Northern_Fulmar_0083_43618.jpg,71
02537_Northern_Fulmar_0098_43578.jpg,93
02572_Northern_Fulmar_0037_43712.jpg,140
02544_Northern_Fulmar_0010_44112.jpg,44
02558_Northern_Fulmar_0061_43653.jpg,85
02581_Northern_Fulmar_0031_43750.jpg,83
02568_Northern_Fulmar_0047_43698.jpg,144
02608_Gadwall_0048_31312.jpg,45
02649_Gadwall_0013_31020.jpg,45
02610_Gadwall_0041_31064.jpg,45
02597_Gadwall_0039_31013.jpg,49
02632_Gadwall_0065_31659.jpg,85
02604_Gadwall_0082_31301.jpg,45
02618_Gadwall_0028_31623.jpg,45
02641_Gadwall_0031_30935.jpg,45
02628_Gadwall_0010_31158.jpg,45
02668_American_Goldfinch_0086_31887.jpg,165
02709_American_Goldfinch_0105_32238.jpg,46
02670_American_Goldfinch_0082_31890.jpg,54
02657_American_Goldfinch_0040_32323.jpg,54
02692_American_Goldfinch_0046_32105.jpg,175
02664_American_Goldfinch_0048_32885.jpg,47
02678_American_Goldfinch_0034_32371.jpg,108
02701_American_Goldfinch_0100_32183.jpg,199
02688_American_Goldfinch_0104_32540.jpg,83
02728_European_Goldfinch_0006_794661.jpg,88
02769_European_Goldfinch_0089_33279.jpg,165
02730_European_Goldfinch_0058_794665.jpg,101
02717_European_Goldfinch_0020_794644.jpg,152
02752_European_Goldfinch_0106_33298.jpg,174
02724_European_Goldfinch_0107_794655.jpg,39
02738_European_Goldfinch_0047_33332.jpg,77
02761_European_Goldfinch_0081_33259.jpg,46
02748_European_Goldfinch_0068_33359.jpg,40
02788_Boat_Tailed_Grackle_0028_33777.jpg,57
02829_Boat_Tailed_Grackle_0105_33663.jpg,29
02790_Boat_Tailed_Grackle_0009_33373.jpg,41
02777_Boat_Tailed_Grackle_0117_33576.jpg,29
02812_Boat_Tailed_Grackle_0014_33485.jpg,67
02784_Boat_Tailed_Grackle_0083_33590.jpg,113
02798_Boat_Tailed_Grackle_0041_33396.jpg,86
02821_Boat_Tailed_Grackle_0097_33759.jpg,71
02808_Boat_Tailed_Grackle_0123_33695.jpg,48
02848_Eared_Grebe_0075_34115.jpg,49
02889_Eared_Grebe_0025_34344.jpg,49
02850_Eared_Grebe_0020_34131.jpg,50
02837_Eared_Grebe_0086_34064.jpg,49
02872_Eared_Grebe_0045_34212.jpg,49
02844_Eared_Grebe_0056_34098.jpg,7
02858_Eared_Grebe_0081_34153.jpg,50
02881_Eared_Grebe_0062_34249.jpg,50
02868_Eared_Grebe_0069_34199.jpg,49
02908_Horned_Grebe_0067_34654.jpg,50
02949_Horned_Grebe_0029_34557.jpg,50
02910_Horned_Grebe_0098_34662.jpg,50
02897_Horned_Grebe_0077_34587.jpg,50
02932_Horned_Grebe_0066_34738.jpg,49
02904_Horned_Grebe_0061_34613.jpg,52
02918_Horned_Grebe_0063_34966.jpg,50
02941_Horned_Grebe_0114_34517.jpg,50
02928_Horned_Grebe_0099_34989.jpg,50
02968_Pied_Billed_Grebe_0014_35424.jpg,86
03009_Pied_Billed_Grebe_0096_35579.jpg,50
02970_Pied_Billed_Grebe_0072_35939.jpg,51
02957_Pied_Billed_Grebe_0013_35882.jpg,7
02992_Pied_Billed_Grebe_0030_35498.jpg,49
02964_Pied_Billed_Grebe_0048_35670.jpg,6
02978_Pied_Billed_Grebe_0068_35963.jpg,50
03001_Pied_Billed_Grebe_0091_35276.jpg,50
02988_Pied_Billed_Grebe_0041_35224.jpg,45
03028_Western_Grebe_0070_36162.jpg,57
03069_Western_Grebe_0061_36181.jpg,52
03030_Western_Grebe_0045_36425.jpg,89
03017_Western_Grebe_0092_36121.jpg,50
03052_Western_Grebe_0050_36163.jpg,45
03024_Western_Grebe_0022_36148.jpg,89
03038_Western_Grebe_0093_36193.jpg,52
03061_Western_Grebe_0071_36536.jpg,188
03048_Western_Grebe_0001_36481.jpg,50
03088_Blue_Grosbeak_0053_36709.jpg,165
03129_Blue_Grosbeak_0046_37119.jpg,69
03090_Blue_Grosbeak_0075_36963.jpg,127
03077_Blue_Grosbeak_0079_36656.jpg,168
03112_Blue_Grosbeak_0048_36809.jpg,138
03084_Blue_Grosbeak_0024_36680.jpg,151
03098_Blue_Grosbeak_0015_36985.jpg,123
03121_Blue_Grosbeak_0111_36841.jpg,13
03108_Blue_Grosbeak_0027_36703.jpg,25
03148_Evening_Grosbeak_0085_37487.jpg,74
03189_Evening_Grosbeak_0122_37864.jpg,191
03150_Evening_Grosbeak_0053_38005.jpg,54
03137_Evening_Grosbeak_0028_37410.jpg,47
03172_Evening_Grosbeak_0031_37239.jpg,117
03144_Evening_Grosbeak_0004_37960.jpg,54
03158_Evening_Grosbeak_0093_37608.jpg,41
03181_Evening_Grosbeak_0075_37302.jpg,178
03168_Evening_Grosbeak_0090_37225.jpg,54
03208_Pine_Grosbeak_0068_38981.jpg,131
03249_Pine_Grosbeak_0004_38396.jpg,84
03210_Pine_Grosbeak_0102_38216.jpg,69
03197_Pine_Grosbeak_0058_38431.jpg,34
03232_Pine_Grosbeak_0082_38552.jpg,84
03204_Pine_Grosbeak_0109_38451.jpg,113
03218_Pine_Grosbeak_0008_38486.jpg,17
03241_Pine_Grosbeak_0107_38351.jpg,168
03228_Pine_Grosbeak_0108_38281.jpg,106
03268_Rose_Breasted_Grosbeak_0081_39136.jpg,56
03309_Rose_Breasted_Grosbeak_0047_39407.jpg,108
03270_Rose_Breasted_Grosbeak_0086_39658.jpg,56
03257_Rose_Breasted_Grosbeak_0014_39037.jpg,56
03292_Rose_Breasted_Grosbeak_0069_39254.jpg,166
03264_Rose_Breasted_Grosbeak_0117_39601.jpg,159
03278_Rose_Breasted_Grosbeak_0050_39695.jpg,190
03301_Rose_Breasted_Grosbeak_0122_39284.jpg,32
03288_Rose_Breasted_Grosbeak_0135_39227.jpg,78
03332_Pigeon_Guillemot_0068_40039.jpg,88
03328_Pigeon_Guillemot_0023_39829.jpg,50
03367_Pigeon_Guillemot_0011_39935.jpg,89
03330_Pigeon_Guillemot_0082_40290.jpg,23
03317_Pigeon_Guillemot_0009_40218.jpg,83
03352_Pigeon_Guillemot_0053_39876.jpg,89
03324_Pigeon_Guillemot_0025_40511.jpg,57
03338_Pigeon_Guillemot_0034_40074.jpg,133
03361_Pigeon_Guillemot_0075_40159.jpg,197
03348_Pigeon_Guillemot_0103_39882.jpg,0
03386_California_Gull_0027_41083.jpg,59
03427_California_Gull_0021_41471.jpg,143
03388_California_Gull_0093_41111.jpg,1
03375_California_Gull_0111_41033.jpg,63
03410_California_Gull_0043_41326.jpg,65
03382_California_Gull_0064_41562.jpg,60
03396_California_Gull_0121_41196.jpg,83
03419_California_Gull_0026_41386.jpg,93
03406_California_Gull_0001_40786.jpg,52
03450_Glaucous_Winged_Gull_0015_44198.jpg,65
03446_Glaucous_Winged_Gull_0066_44669.jpg,63
03486_Glaucous_Winged_Gull_0051_44543.jpg,60
03448_Glaucous_Winged_Gull_0094_44696.jpg,58
03435_Glaucous_Winged_Gull_0023_45090.jpg,61
03470_Glaucous_Winged_Gull_0011_44827.jpg,60
03442_Glaucous_Winged_Gull_0112_44731.jpg,143
03456_Glaucous_Winged_Gull_0060_44215.jpg,62
03479_Glaucous_Winged_Gull_0110_44377.jpg,83
03466_Glaucous_Winged_Gull_0012_44264.jpg,59
03505_Heermann_Gull_0071_45735.jpg,92
03546_Heermann_Gull_0131_45548.jpg,144
03507_Heermann_Gull_0139_45749.jpg,197
03494_Heermann_Gull_0059_45642.jpg,60
03529_Heermann_Gull_0121_45375.jpg,60
03501_Heermann_Gull_0130_45700.jpg,60
03515_Heermann_Gull_0033_45792.jpg,6
03538_Heermann_Gull_0004_45936.jpg,60
03525_Heermann_Gull_0074_45351.jpg,60
03565_Herring_Gull_0047_46218.jpg,105
03606_Herring_Gull_0048_46061.jpg,100
03567_Herring_Gull_0024_48309.jpg,83
03554_Herring_Gull_0012_46654.jpg,83
03589_Herring_Gull_0010_46425.jpg,61
03561_Herring_Gull_0100_46677.jpg,183
03575_Herring_Gull_0052_46810.jpg,60
03598_Herring_Gull_0103_45996.jpg,63
03585_Herring_Gull_0068_46392.jpg,60
03625_Ivory_Gull_0015_49199.jpg,62
03666_Ivory_Gull_0064_49406.jpg,62
03627_Ivory_Gull_0062_49722.jpg,63
03614_Ivory_Gull_0041_49172.jpg,62
03649_Ivory_Gull_0093_49052.jpg,83
03621_Ivory_Gull_0089_49699.jpg,146
03635_Ivory_Gull_0043_49755.jpg,65
03658_Ivory_Gull_0059_49662.jpg,146
03645_Ivory_Gull_0105_49559.jpg,62
03685_Ring_Billed_Gull_0093_51303.jpg,143
03726_Ring_Billed_Gull_0106_52729.jpg,59
03687_Ring_Billed_Gull_0125_51307.jpg,84
03674_Ring_Billed_Gull_0100_52779.jpg,100
03709_Ring_Billed_Gull_0003_51480.jpg,62
03681_Ring_Billed_Gull_0033_51288.jpg,84
03695_Ring_Billed_Gull_0101_51375.jpg,63
03718_Ring_Billed_Gull_0119_51551.jpg,62
03705_Ring_Billed_Gull_0051_51440.jpg,65
03745_Slaty_Backed_Gull_0022_796022.jpg,65
03776_Slaty_Backed_Gull_0026_53245.jpg,64
03747_Slaty_Backed_Gull_0058_796024.jpg,198
03734_Slaty_Backed_Gull_0030_796003.jpg,0
03769_Slaty_Backed_Gull_0087_786374.jpg,80
03741_Slaty_Backed_Gull_0006_796014.jpg,1
03755_Slaty_Backed_Gull_0003_796032.jpg,58
03765_Slaty_Backed_Gull_0060_796052.jpg,59
03795_Western_Gull_0057_55312.jpg,61
03836_Western_Gull_0049_53748.jpg,60
03797_Western_Gull_0007_53431.jpg,105
03784_Western_Gull_0124_53838.jpg,100
03819_Western_Gull_0094_55156.jpg,63
03791_Western_Gull_0143_54909.jpg,65
03805_Western_Gull_0006_53504.jpg,65
03828_Western_Gull_0043_54706.jpg,59
03815_Western_Gull_0114_55644.jpg,65
03855_Anna_Hummingbird_0001_56960.jpg,69
03896_Anna_Hummingbird_0119_56309.jpg,172
03857_Anna_Hummingbird_0066_56486.jpg,16
03844_Anna_Hummingbird_0027_55873.jpg,69
03879_Anna_Hummingbird_0022_55779.jpg,68
03851_Anna_Hummingbird_0099_55916.jpg,69
03865_Anna_Hummingbird_0112_56353.jpg,69
03888_Anna_Hummingbird_0021_55763.jpg,67
03875_Anna_Hummingbird_0053_56112.jpg,69
03915_Ruby_Throated_Hummingbird_0024_57969.jpg,68
03956_Ruby_Throated_Hummingbird_0110_57851.jpg,67
03917_Ruby_Throated_Hummingbird_0040_57982.jpg,118
03904_Ruby_Throated_Hummingbird_0071_57886.jpg,4
03939_Ruby_Throated_Hummingbird_0129_57666.jpg,67
03911_Ruby_Throated_Hummingbird_0090_57411.jpg,180
03925_Ruby_Throated_Hummingbird_0118_57536.jpg,158
03948_Ruby_Throated_Hummingbird_0010_58285.jpg,194
03935_Ruby_Throated_Hummingbird_0076_57649.jpg,93
03975_Rufous_Hummingbird_0025_59461.jpg,67
04016_Rufous_Hummingbird_0037_60415.jpg,67
03977_Rufous_Hummingbird_0011_59480.jpg,71
03964_Rufous_Hummingbird_0055_59935.jpg,68
03999_Rufous_Hummingbird_0090_58598.jpg,67
03971_Rufous_Hummingbird_0134_59449.jpg,68
03985_Rufous_Hummingbird_0067_59510.jpg,15
04008_Rufous_Hummingbird_0045_59533.jpg,68
03995_Rufous_Hummingbird_0123_58546.jpg,77
04035_Green_Violetear_0102_795702.jpg,69
04076_Green_Violetear_0009_795647.jpg,18
04037_Green_Violetear_0092_795704.jpg,69
04024_Green_Violetear_0047_795677.jpg,69
04059_Green_Violetear_0114_60809.jpg,69
04031_Green_Violetear_0077_795696.jpg,66
04045_Green_Violetear_0044_795717.jpg,69
04068_Green_Violetear_0094_795634.jpg,82
04055_Green_Violetear_0062_60797.jpg,90
04095_Long_Tailed_Jaeger_0006_797065.jpg,2
04136_Long_Tailed_Jaeger_0032_61177.jpg,71
04097_Long_Tailed_Jaeger_0009_797070.jpg,91
04084_Long_Tailed_Jaeger_0019_60970.jpg,43
04119_Long_Tailed_Jaeger_0051_797095.jpg,70
04091_Long_Tailed_Jaeger_0069_61060.jpg,0
04105_Long_Tailed_Jaeger_0018_61081.jpg,182
04128_Long_Tailed_Jaeger_0046_797103.jpg,43
04115_Long_Tailed_Jaeger_0066_60921.jpg,0
04155_Pomarine_Jaeger_0078_795758.jpg,58
04196_Pomarine_Jaeger_0023_61431.jpg,70
04157_Pomarine_Jaeger_0020_795761.jpg,133
04144_Pomarine_Jaeger_0051_795738.jpg,136
04179_Pomarine_Jaeger_0028_795797.jpg,71
04151_Pomarine_Jaeger_0045_795750.jpg,71
04165_Pomarine_Jaeger_0001_795772.jpg,71
04188_Pomarine_Jaeger_0079_61370.jpg,71
04175_Pomarine_Jaeger_0054_795791.jpg,0
04215_Blue_Jay_0055_61507.jpg,180
04256_Blue_Jay_0074_63487.jpg,105
04217_Blue_Jay_0096_63330.jpg,140
04204_Blue_Jay_0053_62744.jpg,166
04239_Blue_Jay_0003_63408.jpg,133
04211_Blue_Jay_0102_61494.jpg,147
04225_Blue_Jay_0020_63604.jpg,132
04248_Blue_Jay_0054_61656.jpg,183
04235_Blue_Jay_0079_62626.jpg,35
04275_Florida_Jay_0029_65114.jpg,73
04316_Florida_Jay_0066_65018.jpg,78
04277_Florida_Jay_0110_64605.jpg,74
04264_Florida_Jay_0103_64537.jpg,97
04299_Florida_Jay_0095_64707.jpg,161
04271_Florida_Jay_0050_65099.jpg,163
04285_Florida_Jay_0097_64906.jpg,77
04308_Florida_Jay_0099_64735.jpg,148
04295_Florida_Jay_0078_64692.jpg,92
04339_Green_Jay_0115_65745.jpg,56
04335_Green_Jay_0028_65719.jpg,143
04373_Green_Jay_0011_65947.jpg,191
04337_Green_Jay_0118_66251.jpg,177
04324_Green_Jay_0049_65600.jpg,179
04359_Green_Jay_0098_65857.jpg,92
04331_Green_Jay_0129_65680.jpg,72
04345_Green_Jay_0100_65786.jpg,72
04368_Green_Jay_0090_65895.jpg,95
04355_Green_Jay_0114_65841.jpg,84
04392_Dark_Eyed_Junco_0013_66332.jpg,84
04433_Dark_Eyed_Junco_0026_68061.jpg,33
04394_Dark_Eyed_Junco_0005_68813.jpg,4
04381_Dark_Eyed_Junco_0010_66649.jpg,126
04416_Dark_Eyed_Junco_0012_66932.jpg,36
04388_Dark_Eyed_Junco_0040_66689.jpg,98
04402_Dark_Eyed_Junco_0059_66305.jpg,42
04425_Dark_Eyed_Junco_0041_66464.jpg,165
04412_Dark_Eyed_Junco_0030_68439.jpg,199
04452_Tropical_Kingbird_0097_69436.jpg,69
04493_Tropical_Kingbird_0063_69589.jpg,40
04454_Tropical_Kingbird_0041_69954.jpg,73
04441_Tropical_Kingbird_0073_69401.jpg,102
04476_Tropical_Kingbird_0044_69815.jpg,39
04448_Tropical_Kingbird_0096_69684.jpg,101
04462_Tropical_Kingbird_0040_69728.jpg,77
04485_Tropical_Kingbird_0003_69852.jpg,156
04472_Tropical_Kingbird_0039_69253.jpg,77
04516_Gray_Kingbird_0082_795014.jpg,87
04512_Gray_Kingbird_0054_70264.jpg,152
04552_Gray_Kingbird_0051_70139.jpg,39
04514_Gray_Kingbird_0081_70276.jpg,137
04501_Gray_Kingbird_0036_70184.jpg,184
04536_Gray_Kingbird_0044_70322.jpg,110
04508_Gray_Kingbird_0009_795023.jpg,153
04522_Gray_Kingbird_0055_70290.jpg,197
04545_Gray_Kingbird_0005_70103.jpg,77
04532_Gray_Kingbird_0070_70051.jpg,38
04571_Belted_Kingfisher_0025_70501.jpg,61
04612_Belted_Kingfisher_0084_70399.jpg,74
04573_Belted_Kingfisher_0031_70506.jpg,161
04560_Belted_Kingfisher_0094_70698.jpg,194
04595_Belted_Kingfisher_0096_70347.jpg,54
04567_Belted_Kingfisher_0043_70492.jpg,40
04581_Belted_Kingfisher_0041_70595.jpg,6
04604_Belted_Kingfisher_0111_70375.jpg,77
04591_Belted_Kingfisher_0071_70584.jpg,40
04631_Green_Kingfisher_0062_70985.jpg,183
04672_Green_Kingfisher_0048_71164.jpg,182
04633_Green_Kingfisher_0057_71096.jpg,138
04620_Green_Kingfisher_0066_71200.jpg,20
04655_Green_Kingfisher_0063_71345.jpg,80
04627_Green_Kingfisher_0056_70972.jpg,96
04641_Green_Kingfisher_0013_71293.jpg,14
04664_Green_Kingfisher_0070_71387.jpg,157
04651_Green_Kingfisher_0089_71325.jpg,178
04691_Pied_Kingfisher_0121_72378.jpg,189
04732_Pied_Kingfisher_0085_71557.jpg,120
04693_Pied_Kingfisher_0065_71871.jpg,80
04680_Pied_Kingfisher_0128_72775.jpg,78
04715_Pied_Kingfisher_0095_72008.jpg,91
04687_Pied_Kingfisher_0032_71792.jpg,80
04701_Pied_Kingfisher_0061_72193.jpg,91
04724_Pied_Kingfisher_0007_72438.jpg,147
04711_Pied_Kingfisher_0021_72498.jpg,183
04751_Ringed_Kingfisher_0009_72786.jpg,69
04792_Ringed_Kingfisher_0071_72958.jpg,29
04753_Ringed_Kingfisher_0087_72794.jpg,17
04740_Ringed_Kingfisher_0075_73135.jpg,81
04775_Ringed_Kingfisher_0020_72888.jpg,169
04747_Ringed_Kingfisher_0028_73018.jpg,82
04761_Ringed_Kingfisher_0091_72839.jpg,79
04784_Ringed_Kingfisher_0108_73169.jpg,40
04771_Ringed_Kingfisher_0074_73130.jpg,91
04811_White_Breasted_Kingfisher_0040_73266.jpg,133
04852_White_Breasted_Kingfisher_0123_73211.jpg,144
04813_White_Breasted_Kingfisher_0117_73283.jpg,97
04800_White_Breasted_Kingfisher_0071_73236.jpg,39
04835_White_Breasted_Kingfisher_0088_73386.jpg,183
04807_White_Breasted_Kingfisher_0121_73258.jpg,82
04821_White_Breasted_Kingfisher_0103_73316.jpg,81
04844_White_Breasted_Kingfisher_0120_73439.jpg,157
04831_White_Breasted_Kingfisher_0111_73369.jpg,82
04871_Red_Legged_Kittiwake_0045_795426.jpg,83
04905_Red_Legged_Kittiwake_0062_795434.jpg,140
04873_Red_Legged_Kittiwake_0068_795430.jpg,1
04860_Red_Legged_Kittiwake_0007_795402.jpg,83
04895_Red_Legged_Kittiwake_0004_73811.jpg,83
04867_Red_Legged_Kittiwake_0022_795418.jpg,2
04881_Red_Legged_Kittiwake_0024_795441.jpg,143
04904_Red_Legged_Kittiwake_0044_795388.jpg,83
04891_Red_Legged_Kittiwake_0009_795459.jpg,70
04924_Horned_Lark_0141_74396.jpg,84
04965_Horned_Lark_0040_74214.jpg,183
04926_Horned_Lark_0064_74864.jpg,61
04913_Horned_Lark_0033_74344.jpg,84
04948_Horned_Lark_0072_74067.jpg,103
04920_Horned_Lark_0013_74374.jpg,122
04934_Horned_Lark_0083_74444.jpg,84
04957_Horned_Lark_0009_74646.jpg,84
04944_Horned_Lark_0012_74511.jpg,197
04984_Pacific_Loon_0005_75829.jpg,85
05025_Pacific_Loon_0002_75775.jpg,49
04986_Pacific_Loon_0068_75836.jpg,89
04973_Pacific_Loon_0027_75542.jpg,89
05008_Pacific_Loon_0046_75439.jpg,85
04980_Pacific_Loon_0004_75815.jpg,85
04994_Pacific_Loon_0063_75865.jpg,88
05017_Pacific_Loon_0011_75726.jpg,51
05004_Pacific_Loon_0067_75423.jpg,89
05044_Mallard_0052_76946.jpg,83
05085_Mallard_0004_76958.jpg,2
05046_Mallard_0024_75932.jpg,45
05033_Mallard_0026_76725.jpg,86
05068_Mallard_0103_77105.jpg,105
05040_Mallard_0069_76926.jpg,99
05054_Mallard_0050_76519.jpg,88
05077_Mallard_0006_77171.jpg,86
05064_Mallard_0136_76593.jpg,86
05104_Western_Meadowlark_0121_78402.jpg,102
05145_Western_Meadowlark_0052_77781.jpg,81
05106_Western_Meadowlark_0108_78155.jpg,109
05093_Western_Meadowlark_0125_77850.jpg,192
05128_Western_Meadowlark_0112_78760.jpg,175
05100_Western_Meadowlark_0019_77876.jpg,73
05114_Western_Meadowlark_0042_78180.jpg,87
05137_Western_Meadowlark_0029_78832.jpg,109
05124_Western_Meadowlark_0101_78899.jpg,197
05164_Hooded_Merganser_0066_796755.jpg,88
05205_Hooded_Merganser_0072_78973.jpg,88
05166_Hooded_Merganser_0074_796757.jpg,88
05153_Hooded_Merganser_0053_796728.jpg,88
05188_Hooded_Merganser_0092_78989.jpg,88
05160_Hooded_Merganser_0012_796748.jpg,88
05174_Hooded_Merganser_0090_796774.jpg,89
05197_Hooded_Merganser_0016_79079.jpg,89
05184_Hooded_Merganser_0084_78954.jpg,88
05224_Red_Breasted_Merganser_0001_79199.jpg,89
05265_Red_Breasted_Merganser_0045_79358.jpg,89
05226_Red_Breasted_Merganser_0008_79458.jpg,45
05213_Red_Breasted_Merganser_0030_79411.jpg,50
05248_Red_Breasted_Merganser_0085_79285.jpg,89
05220_Red_Breasted_Merganser_0042_79202.jpg,85
05234_Red_Breasted_Merganser_0051_79474.jpg,89
05257_Red_Breasted_Merganser_0070_79570.jpg,49
05244_Red_Breasted_Merganser_0022_79274.jpg,89
05284_Mockingbird_0012_81216.jpg,75
05325_Mockingbird_0023_80121.jpg,73
05286_Mockingbird_0004_81991.jpg,148
05273_Mockingbird_0095_81177.jpg,181
05308_Mockingbird_0047_80819.jpg,32
05280_Mockingbird_0048_80441.jpg,73
05294_Mockingbird_0106_81381.jpg,81
05317_Mockingbird_0089_80601.jpg,109
05304_Mockingbird_0083_79862.jpg,108
05344_Nighthawk_0087_82280.jpg,141
05385_Nighthawk_0076_82686.jpg,91
05346_Nighthawk_0005_84594.jpg,188
05333_Nighthawk_0004_84011.jpg,91
05368_Nighthawk_0083_83647.jpg,104
05340_Nighthawk_0043_84039.jpg,109
05354_Nighthawk_0019_83850.jpg,91
05377_Nighthawk_0065_82895.jpg,91
05364_Nighthawk_0031_83636.jpg,104
05404_Clark_Nutcracker_0137_85172.jpg,92
05445_Clark_Nutcracker_0113_85587.jpg,92
05406_Clark_Nutcracker_0131_85701.jpg,60
05393_Clark_Nutcracker_0020_85099.jpg,197
05428_Clark_Nutcracker_0106_84856.jpg,23
05400_Clark_Nutcracker_0101_85656.jpg,92
05414_Clark_Nutcracker_0069_84767.jpg,135
05437_Clark_Nutcracker_0121_85435.jpg,105
05424_Clark_Nutcracker_0073_85343.jpg,176
05464_White_Breasted_Nuthatch_0020_86143.jpg,4
05505_White_Breasted_Nuthatch_0042_86488.jpg,163
05466_White_Breasted_Nuthatch_0066_86159.jpg,98
05453_White_Breasted_Nuthatch_0086_86553.jpg,55
05488_White_Breasted_Nuthatch_0059_85903.jpg,93
05460_White_Breasted_Nuthatch_0036_86596.jpg,93
05474_White_Breasted_Nuthatch_0129_86761.jpg,74
05497_White_Breasted_Nuthatch_0082_86435.jpg,93
05484_White_Breasted_Nuthatch_0047_85819.jpg,181
05524_Baltimore_Oriole_0019_88186.jpg,168
05565_Baltimore_Oriole_0130_89596.jpg,160
05526_Baltimore_Oriole_0014_87690.jpg,86
05513_Baltimore_Oriole_0021_87089.jpg,54
05548_Baltimore_Oriole_0006_89935.jpg,139
05520_Baltimore_Oriole_0076_89705.jpg,54
05534_Baltimore_Oriole_0102_88818.jpg,159
05557_Baltimore_Oriole_0091_88487.jpg,159
05544_Baltimore_Oriole_0056_88355.jpg,54
05584_Hooded_Oriole_0035_90331.jpg,20
05625_Hooded_Oriole_0007_91133.jpg,67
05586_Hooded_Oriole_0055_90850.jpg,82
05573_Hooded_Oriole_0117_90464.jpg,76
05608_Hooded_Oriole_0029_90485.jpg,169
05580_Hooded_Oriole_0072_90298.jpg,94
05594_Hooded_Oriole_0053_90898.jpg,54
05617_Hooded_Oriole_0082_90045.jpg,95
05604_Hooded_Oriole_0013_90445.jpg,108
05648_Orchard_Oriole_0035_92003.jpg,81
05644_Orchard_Oriole_0045_91205.jpg,96
05684_Orchard_Oriole_0009_91902.jpg,139
05646_Orchard_Oriole_0006_91724.jpg,164
05633_Orchard_Oriole_0114_91412.jpg,136
05668_Orchard_Oriole_0036_91818.jpg,157
05640_Orchard_Oriole_0026_91444.jpg,157
05654_Orchard_Oriole_0055_91515.jpg,138
05677_Orchard_Oriole_0030_91612.jpg,150
05664_Orchard_Oriole_0106_91830.jpg,95
05703_Scott_Oriole_0070_795808.jpg,159
05744_Scott_Oriole_0075_795817.jpg,190
05705_Scott_Oriole_0032_795810.jpg,11
05692_Scott_Oriole_0079_92248.jpg,16
05727_Scott_Oriole_0040_795839.jpg,97
05699_Scott_Oriole_0068_795804.jpg,153
05713_Scott_Oriole_0083_795821.jpg,178
05736_Scott_Oriole_0073_92369.jpg,54
05723_Scott_Oriole_0078_795833.jpg,97
05763_Ovenbird_0043_93374.jpg,98
05804_Ovenbird_0102_93172.jpg,182
05765_Ovenbird_0004_92868.jpg,109
05752_Ovenbird_0033_93232.jpg,34
05787_Ovenbird_0131_92559.jpg,183
05759_Ovenbird_0044_92828.jpg,42
05773_Ovenbird_0130_92452.jpg,147
05796_Ovenbird_0054_92594.jpg,36
05783_Ovenbird_0064_93208.jpg,98
05823_Brown_Pelican_0017_94383.jpg,99
05864_Brown_Pelican_0056_95229.jpg,59
05825_Brown_Pelican_0031_93874.jpg,100
05812_Brown_Pelican_0103_94787.jpg,99
05847_Brown_Pelican_0128_94059.jpg,71
05819_Brown_Pelican_0036_93843.jpg,99
05833_Brown_Pelican_0080_93439.jpg,109
05856_Brown_Pelican_0019_95158.jpg,59
05843_Brown_Pelican_0122_94022.jpg,99
05883_White_Pelican_0079_97380.jpg,0
05914_White_Pelican_0024_96554.jpg,100
05885_White_Pelican_0083_95840.jpg,100
05872_White_Pelican_0056_97071.jpg,100
05907_White_Pelican_0072_96975.jpg,177
05879_White_Pelican_0037_95570.jpg,64
05893_White_Pelican_0016_96659.jpg,61
05903_White_Pelican_0003_96691.jpg,100
05933_Western_Wood_Pewee_0053_98186.jpg,163
05974_Western_Wood_Pewee_0001_98045.jpg,41
05935_Western_Wood_Pewee_0012_98031.jpg,39
05922_Western_Wood_Pewee_0046_98113.jpg,154
05957_Western_Wood_Pewee_0039_795063.jpg,149
05929_Western_Wood_Pewee_0018_98153.jpg,40
05943_Western_Wood_Pewee_0060_795045.jpg,36
05966_Western_Wood_Pewee_0081_98270.jpg,178
05953_Western_Wood_Pewee_0072_98035.jpg,39
05993_Sayornis_0069_98914.jpg,77
06034_Sayornis_0058_98798.jpg,81
05995_Sayornis_0129_98924.jpg,36
05982_Sayornis_0070_99354.jpg,30
06017_Sayornis_0099_98593.jpg,177
05989_Sayornis_0042_98874.jpg,79
06003_Sayornis_0038_98441.jpg,110
06026_Sayornis_0056_99553.jpg,135
06013_Sayornis_0125_98528.jpg,36
06053_American_Pipit_0019_99810.jpg,84
06094_American_Pipit_0073_99642.jpg,126
06055_American_Pipit_0035_100181.jpg,102
06042_American_Pipit_0082_99867.jpg,58
06077_American_Pipit_0098_99986.jpg,112
06049_American_Pipit_0078_99898.jpg,127
06063_American_Pipit_0045_99687.jpg,103
06086_American_Pipit_0043_100027.jpg,73
06073_American_Pipit_0099_99971.jpg,109
06113_Whip_Poor_Will_0025_796434.jpg,132
06143_Whip_Poor_Will_0050_796415.jpg,21
06115_Whip_Poor_Will_0032_796437.jpg,21
06102_Whip_Poor_Will_0009_796423.jpg,104
06137_Whip_Poor_Will_0003_796409.jpg,21
06109_Whip_Poor_Will_0035_796430.jpg,21
06123_Whip_Poor_Will_0020_100396.jpg,21
06133_Whip_Poor_Will_0037_796405.jpg,121
06162_Horned_Puffin_0048_100916.jpg,88
06203_Horned_Puffin_0006_100989.jpg,105
06164_Horned_Puffin_0059_100925.jpg,89
06151_Horned_Puffin_0029_100888.jpg,89
06186_Horned_Puffin_0022_100766.jpg,105
06158_Horned_Puffin_0083_100649.jpg,105
06172_Horned_Puffin_0007_100699.jpg,105
06195_Horned_Puffin_0045_100803.jpg,105
06182_Horned_Puffin_0067_100737.jpg,83
06226_Common_Raven_0091_101524.jpg,29
06222_Common_Raven_0075_102530.jpg,133
06262_Common_Raven_0015_101364.jpg,29
06224_Common_Raven_0069_101825.jpg,28
06211_Common_Raven_0107_101412.jpg,28
06246_Common_Raven_0110_101775.jpg,106
06218_Common_Raven_0066_101461.jpg,28
06232_Common_Raven_0093_102058.jpg,28
06255_Common_Raven_0053_101291.jpg,182
06242_Common_Raven_0078_101148.jpg,25
06281_White_Necked_Raven_0046_797343.jpg,48
06322_White_Necked_Raven_0005_102653.jpg,28
06283_White_Necked_Raven_0025_797346.jpg,107
06270_White_Necked_Raven_0012_102700.jpg,107
06305_White_Necked_Raven_0050_797374.jpg,106
06277_White_Necked_Raven_0018_102746.jpg,28
06291_White_Necked_Raven_0042_797356.jpg,106
06314_White_Necked_Raven_0040_797386.jpg,8
06301_White_Necked_Raven_0038_797369.jpg,150
06341_American_Redstart_0058_103082.jpg,108
06382_American_Redstart_0110_103924.jpg,108
06343_American_Redstart_0126_103091.jpg,153
06330_American_Redstart_0128_102983.jpg,20
06365_American_Redstart_0109_103795.jpg,161
06337_American_Redstart_0118_103033.jpg,11
06351_American_Redstart_0049_103176.jpg,150
06374_American_Redstart_0047_102860.jpg,56
06361_American_Redstart_0067_103259.jpg,108
06401_Geococcyx_0136_104144.jpg,17
06442_Geococcyx_0011_104779.jpg,98
06403_Geococcyx_0022_104157.jpg,109
06390_Geococcyx_0112_104548.jpg,4
06425_Geococcyx_0063_104250.jpg,136
06397_Geococcyx_0118_104131.jpg,109
06411_Geococcyx_0005_104187.jpg,103
06434_Geococcyx_0048_104817.jpg,23
06421_Geococcyx_0028_104751.jpg,183
06461_Loggerhead_Shrike_0019_106132.jpg,11
06502_Loggerhead_Shrike_0051_105447.jpg,157
06463_Loggerhead_Shrike_0075_106153.jpg,196
06450_Loggerhead_Shrike_0108_105023.jpg,110
06485_Loggerhead_Shrike_0123_105849.jpg,110
06457_Loggerhead_Shrike_0007_106101.jpg,134
06471_Loggerhead_Shrike_0048_106215.jpg,93
06494_Loggerhead_Shrike_0021_104885.jpg,111
06481_Loggerhead_Shrike_0018_26407.jpg,110
06521_Great_Grey_Shrike_0075_797022.jpg,111
06562_Great_Grey_Shrike_0050_797012.jpg,54
06523_Great_Grey_Shrike_0049_797025.jpg,77
06510_Great_Grey_Shrike_0064_106778.jpg,153
06545_Great_Grey_Shrike_0062_106628.jpg,101
06517_Great_Grey_Shrike_0027_797009.jpg,30
06531_Great_Grey_Shrike_0009_797038.jpg,56
06554_Great_Grey_Shrike_0028_106678.jpg,56
06541_Great_Grey_Shrike_0025_106622.jpg,77
06581_Baird_Sparrow_0005_794565.jpg,157
06612_Baird_Sparrow_0049_787324.jpg,112
06583_Baird_Sparrow_0019_794567.jpg,122
06570_Baird_Sparrow_0032_794553.jpg,102
06605_Baird_Sparrow_0027_794590.jpg,112
06577_Baird_Sparrow_0042_794560.jpg,112
06591_Baird_Sparrow_0010_794575.jpg,120
06601_Baird_Sparrow_0017_794586.jpg,122
06631_Black_Throated_Sparrow_0065_107087.jpg,73
06672_Black_Throated_Sparrow_0013_107005.jpg,155
06633_Black_Throated_Sparrow_0017_107355.jpg,154
06620_Black_Throated_Sparrow_0003_107035.jpg,113
06655_Black_Throated_Sparrow_0049_106958.jpg,130
06627_Black_Throated_Sparrow_0034_107327.jpg,77
06641_Black_Throated_Sparrow_0010_107375.jpg,123
06664_Black_Throated_Sparrow_0001_107233.jpg,63
06651_Black_Throated_Sparrow_0026_107198.jpg,105
06695_Brewer_Sparrow_0055_796720.jpg,147
06691_Brewer_Sparrow_0072_796715.jpg,116
06731_Brewer_Sparrow_0073_107518.jpg,128
06693_Brewer_Sparrow_0070_796717.jpg,150
06680_Brewer_Sparrow_0058_796701.jpg,182
06715_Brewer_Sparrow_0019_107452.jpg,122
06687_Brewer_Sparrow_0041_796711.jpg,150
06701_Brewer_Sparrow_0065_107419.jpg,34
06724_Brewer_Sparrow_0067_107480.jpg,197
06711_Brewer_Sparrow_0037_107442.jpg,34
06750_Chipping_Sparrow_0041_108370.jpg,194
06791_Chipping_Sparrow_0016_109051.jpg,79
06752_Chipping_Sparrow_0042_107791.jpg,75
06739_Chipping_Sparrow_0008_107810.jpg,174
06774_Chipping_Sparrow_0038_109234.jpg,121
06746_Chipping_Sparrow_0035_110138.jpg,148
06760_Chipping_Sparrow_0090_14718.jpg,157
06783_Chipping_Sparrow_0103_109529.jpg,115
06770_Chipping_Sparrow_0064_108204.jpg,152
06814_Clay_Colored_Sparrow_0010_797262.jpg,39
06810_Clay_Colored_Sparrow_0064_110664.jpg,123
06850_Clay_Colored_Sparrow_0008_110536.jpg,157
06812_Clay_Colored_Sparrow_0085_797260.jpg,115
06799_Clay_Colored_Sparrow_0055_110647.jpg,174
06834_Clay_Colored_Sparrow_0033_797255.jpg,184
06806_Clay_Colored_Sparrow_0094_797250.jpg,161
06820_Clay_Colored_Sparrow_0087_110946.jpg,35
06843_Clay_Colored_Sparrow_0022_110518.jpg,122
06830_Clay_Colored_Sparrow_0046_110728.jpg,136
06869_House_Sparrow_0119_111471.jpg,30
06910_House_Sparrow_0050_111087.jpg,154
06871_House_Sparrow_0046_112845.jpg,174
06858_House_Sparrow_0144_113216.jpg,55
06893_House_Sparrow_0005_111967.jpg,98
06865_House_Sparrow_0137_111219.jpg,118
06879_House_Sparrow_0053_111388.jpg,104
06902_House_Sparrow_0096_111519.jpg,157
06889_House_Sparrow_0108_112963.jpg,174
06933_Field_Sparrow_0059_113759.jpg,128
06929_Field_Sparrow_0110_113995.jpg,165
06969_Field_Sparrow_0107_113659.jpg,112
06931_Field_Sparrow_0071_113747.jpg,128
06918_Field_Sparrow_0029_113434.jpg,196
06953_Field_Sparrow_0123_113847.jpg,163
06925_Field_Sparrow_0055_113929.jpg,150
06939_Field_Sparrow_0047_113801.jpg,172
06962_Field_Sparrow_0034_113364.jpg,114
06949_Field_Sparrow_0006_113839.jpg,90
06988_Fox_Sparrow_0116_115311.jpg,119
07029_Fox_Sparrow_0124_114662.jpg,158
06990_Fox_Sparrow_0039_114816.jpg,182
06977_Fox_Sparrow_0103_115038.jpg,178
07012_Fox_Sparrow_0083_114496.jpg,21
06984_Fox_Sparrow_0122_114776.jpg,21
06998_Fox_Sparrow_0118_114884.jpg,148
07021_Fox_Sparrow_0025_114555.jpg,182
07008_Fox_Sparrow_0086_115484.jpg,132
07048_Grasshopper_Sparrow_0082_116300.jpg,39
07089_Grasshopper_Sparrow_0038_115704.jpg,169
07050_Grasshopper_Sparrow_0035_116049.jpg,84
07037_Grasshopper_Sparrow_0109_115750.jpg,147
07072_Grasshopper_Sparrow_0043_115880.jpg,91
07044_Grasshopper_Sparrow_0125_116031.jpg,172
07058_Grasshopper_Sparrow_0069_116332.jpg,114
07081_Grasshopper_Sparrow_0049_115918.jpg,4
07068_Grasshopper_Sparrow_0016_115695.jpg,124
07108_Harris_Sparrow_0052_116544.jpg,132
07149_Harris_Sparrow_0071_116476.jpg,183
07110_Harris_Sparrow_0090_116664.jpg,114
07097_Harris_Sparrow_0055_116512.jpg,116
07132_Harris_Sparrow_0025_116648.jpg,150
07104_Harris_Sparrow_0085_116534.jpg,84
07118_Harris_Sparrow_0045_116603.jpg,82
07141_Harris_Sparrow_0039_116409.jpg,111
07128_Harris_Sparrow_0010_116376.jpg,163
07168_Henslow_Sparrow_0054_116850.jpg,127
07209_Henslow_Sparrow_0056_796585.jpg,128
07170_Henslow_Sparrow_0026_796542.jpg,116
07157_Henslow_Sparrow_0042_796595.jpg,122
07192_Henslow_Sparrow_0108_796592.jpg,127
07164_Henslow_Sparrow_0018_116834.jpg,171
07178_Henslow_Sparrow_0059_796569.jpg,122
07201_Henslow_Sparrow_0002_116930.jpg,38
07188_Henslow_Sparrow_0074_116905.jpg,130
07232_Le_Conte_Sparrow_0099_795182.jpg,125
07228_Le_Conte_Sparrow_0013_795176.jpg,192
07268_Le_Conte_Sparrow_0070_795135.jpg,122
07230_Le_Conte_Sparrow_0068_795180.jpg,69
07217_Le_Conte_Sparrow_0015_795152.jpg,196
07252_Le_Conte_Sparrow_0049_795220.jpg,172
07224_Le_Conte_Sparrow_0085_795167.jpg,123
07238_Le_Conte_Sparrow_0084_795189.jpg,159
07261_Le_Conte_Sparrow_0039_117054.jpg,184
07248_Le_Conte_Sparrow_0043_795213.jpg,170
07291_Lincoln_Sparrow_0116_117372.jpg,128
07287_Lincoln_Sparrow_0070_117342.jpg,193
07327_Lincoln_Sparrow_0022_117759.jpg,119
07289_Lincoln_Sparrow_0066_117875.jpg,158
07276_Lincoln_Sparrow_0083_117272.jpg,21
07311_Lincoln_Sparrow_0061_117529.jpg,55
07283_Lincoln_Sparrow_0037_117837.jpg,152
07297_Lincoln_Sparrow_0017_117432.jpg,124
07320_Lincoln_Sparrow_0044_117687.jpg,98
07307_Lincoln_Sparrow_0042_117507.jpg,182
07350_Nelson_Sharp_Tailed_Sparrow_0036_118075.jpg,125
07346_Nelson_Sharp_Tailed_Sparrow_0072_118012.jpg,128
07386_Nelson_Sharp_Tailed_Sparrow_0041_796926.jpg,131
07348_Nelson_Sharp_Tailed_Sparrow_0055_796937.jpg,127
07335_Nelson_Sharp_Tailed_Sparrow_0027_118028.jpg,3
07370_Nelson_Sharp_Tailed_Sparrow_0022_796905.jpg,127
07342_Nelson_Sharp_Tailed_Sparrow_0034_796950.jpg,151
07356_Nelson_Sharp_Tailed_Sparrow_0008_796944.jpg,103
07379_Nelson_Sharp_Tailed_Sparrow_0003_796917.jpg,34
07366_Nelson_Sharp_Tailed_Sparrow_0023_796899.jpg,196
07405_Savannah_Sparrow_0131_119946.jpg,126
07446_Savannah_Sparrow_0093_118267.jpg,128
07407_Savannah_Sparrow_0008_118929.jpg,115
07394_Savannah_Sparrow_0058_118323.jpg,123
07429_Savannah_Sparrow_0029_119621.jpg,132
07401_Savannah_Sparrow_0045_119398.jpg,117
07415_Savannah_Sparrow_0057_120016.jpg,103
07438_Savannah_Sparrow_0017_119171.jpg,173
07425_Savannah_Sparrow_0051_118574.jpg,103
07465_Seaside_Sparrow_0023_796525.jpg,127
07506_Seaside_Sparrow_0029_120828.jpg,11
07467_Seaside_Sparrow_0042_796528.jpg,127
07454_Seaside_Sparrow_0043_796510.jpg,129
07489_Seaside_Sparrow_0024_120751.jpg,125
07461_Seaside_Sparrow_0071_796519.jpg,109
07475_Seaside_Sparrow_0008_796538.jpg,68
07498_Seaside_Sparrow_0026_120798.jpg,149
07485_Seaside_Sparrow_0049_120735.jpg,124
07525_Song_Sparrow_0020_121490.jpg,197
07566_Song_Sparrow_0010_121331.jpg,123
07527_Song_Sparrow_0029_120989.jpg,119
07514_Song_Sparrow_0089_120894.jpg,66
07549_Song_Sparrow_0055_121158.jpg,77
07521_Song_Sparrow_0045_121951.jpg,101
07535_Song_Sparrow_0090_121057.jpg,117
07558_Song_Sparrow_0114_121233.jpg,66
07545_Song_Sparrow_0091_121651.jpg,120
07585_Tree_Sparrow_0041_123497.jpg,195
07626_Tree_Sparrow_0074_124408.jpg,117
07587_Tree_Sparrow_0076_123669.jpg,129
07574_Tree_Sparrow_0053_122933.jpg,140
07609_Tree_Sparrow_0127_125322.jpg,198
07581_Tree_Sparrow_0112_125014.jpg,70
07595_Tree_Sparrow_0119_124114.jpg,36
07618_Tree_Sparrow_0081_124348.jpg,177
07605_Tree_Sparrow_0086_123751.jpg,129
07645_Vesper_Sparrow_0020_125794.jpg,91
07686_Vesper_Sparrow_0022_125719.jpg,188
07647_Vesper_Sparrow_0004_125787.jpg,126
07634_Vesper_Sparrow_0009_125713.jpg,126
07669_Vesper_Sparrow_0016_125615.jpg,125
07641_Vesper_Sparrow_0076_125737.jpg,156
07655_Vesper_Sparrow_0032_125564.jpg,102
07678_Vesper_Sparrow_0015_125653.jpg,182
07665_Vesper_Sparrow_0073_125605.jpg,98
07705_White_Crowned_Sparrow_0043_127096.jpg,101
07746_White_Crowned_Sparrow_0031_126457.jpg,84
07707_White_Crowned_Sparrow_0095_127118.jpg,194
07694_White_Crowned_Sparrow_0101_127058.jpg,180
07729_White_Crowned_Sparrow_0061_126315.jpg,192
07701_White_Crowned_Sparrow_0109_128529.jpg,140
07715_White_Crowned_Sparrow_0102_127708.jpg,112
07738_White_Crowned_Sparrow_0118_127919.jpg,86
07725_White_Crowned_Sparrow_0049_128311.jpg,98
07765_White_Throated_Sparrow_0085_129180.jpg,194
07806_White_Throated_Sparrow_0033_129016.jpg,152
07767_White_Throated_Sparrow_0134_129190.jpg,147
07754_White_Throated_Sparrow_0030_129076.jpg,124
07789_White_Throated_Sparrow_0061_128902.jpg,33
07761_White_Throated_Sparrow_0015_129138.jpg,174
07775_White_Throated_Sparrow_0105_128814.jpg,42
07798_White_Throated_Sparrow_0128_128956.jpg,124
07785_White_Throated_Sparrow_0038_128853.jpg,84
07825_Cape_Glossy_Starling_0018_129356.jpg,102
07866_Cape_Glossy_Starling_0050_129274.jpg,25
07827_Cape_Glossy_Starling_0043_129358.jpg,10
07814_Cape_Glossy_Starling_0028_129309.jpg,57
07849_Cape_Glossy_Starling_0068_129446.jpg,133
07821_Cape_Glossy_Starling_0084_129346.jpg,28
07835_Cape_Glossy_Starling_0042_129385.jpg,24
07858_Cape_Glossy_Starling_0053_129219.jpg,28
07845_Cape_Glossy_Starling_0033_129435.jpg,192
07889_Bank_Swallow_0059_129896.jpg,134
07885_Bank_Swallow_0023_129878.jpg,137
07925_Bank_Swallow_0016_129791.jpg,133
07887_Bank_Swallow_0041_129625.jpg,90
07874_Bank_Swallow_0013_129563.jpg,134
07909_Bank_Swallow_0028_129754.jpg,44
07881_Bank_Swallow_0069_129802.jpg,134
07895_Bank_Swallow_0040_129674.jpg,40
07918_Bank_Swallow_0063_129774.jpg,134
07905_Bank_Swallow_0054_129743.jpg,6
07944_Barn_Swallow_0085_132939.jpg,102
07985_Barn_Swallow_0074_132094.jpg,40
07946_Barn_Swallow_0078_130385.jpg,93
07933_Barn_Swallow_0034_130099.jpg,137
07968_Barn_Swallow_0076_130757.jpg,198
07940_Barn_Swallow_0069_130368.jpg,68
07954_Barn_Swallow_0016_130678.jpg,135
07977_Barn_Swallow_0065_131555.jpg,12
07964_Barn_Swallow_0015_132757.jpg,93
08004_Cliff_Swallow_0028_132365.jpg,176
08045_Cliff_Swallow_0073_133116.jpg,103
08006_Cliff_Swallow_0108_133902.jpg,40
07993_Cliff_Swallow_0090_133144.jpg,106
08028_Cliff_Swallow_0093_133052.jpg,136
08000_Cliff_Swallow_0015_133176.jpg,143
08014_Cliff_Swallow_0075_134516.jpg,20
08037_Cliff_Swallow_0041_134111.jpg,103
08024_Cliff_Swallow_0054_133287.jpg,93
08064_Tree_Swallow_0049_134740.jpg,192
08105_Tree_Swallow_0073_134997.jpg,101
08066_Tree_Swallow_0103_137272.jpg,110
08053_Tree_Swallow_0030_134942.jpg,93
08088_Tree_Swallow_0091_136870.jpg,34
08060_Tree_Swallow_0067_136244.jpg,25
08074_Tree_Swallow_0064_136322.jpg,103
08097_Tree_Swallow_0110_136921.jpg,102
08084_Tree_Swallow_0115_135832.jpg,110
08124_Scarlet_Tanager_0012_138410.jpg,161
08165_Scarlet_Tanager_0003_137724.jpg,169
08126_Scarlet_Tanager_0087_137937.jpg,139
08113_Scarlet_Tanager_0110_138274.jpg,31
08148_Scarlet_Tanager_0065_138683.jpg,113
08120_Scarlet_Tanager_0120_138344.jpg,54
08134_Scarlet_Tanager_0039_138010.jpg,97
08157_Scarlet_Tanager_0076_137702.jpg,138
08144_Scarlet_Tanager_0095_137618.jpg,138
08184_Summer_Tanager_0080_140110.jpg,138
08225_Summer_Tanager_0093_139517.jpg,161
08186_Summer_Tanager_0023_139859.jpg,76
08173_Summer_Tanager_0052_139804.jpg,15
08208_Summer_Tanager_0046_139802.jpg,18
08180_Summer_Tanager_0025_139320.jpg,133
08194_Summer_Tanager_0095_139882.jpg,159
08217_Summer_Tanager_0030_139210.jpg,177
08204_Summer_Tanager_0017_140173.jpg,179
08248_Artic_Tern_0060_141955.jpg,140
08244_Artic_Tern_0036_142447.jpg,83
08283_Artic_Tern_0011_143355.jpg,144
08246_Artic_Tern_0102_141453.jpg,143
08233_Artic_Tern_0012_143410.jpg,177
08268_Artic_Tern_0082_142127.jpg,140
08240_Artic_Tern_0080_140889.jpg,143
08254_Artic_Tern_0117_143394.jpg,60
08277_Artic_Tern_0029_142220.jpg,144
08264_Artic_Tern_0101_141075.jpg,140
08302_Black_Tern_0061_143959.jpg,60
08343_Black_Tern_0010_144341.jpg,67
08304_Black_Tern_0008_143965.jpg,143
08291_Black_Tern_0013_143892.jpg,41
08326_Black_Tern_0033_144328.jpg,142
08298_Black_Tern_0014_143939.jpg,143
08312_Black_Tern_0079_143998.jpg,182
08335_Black_Tern_0055_144607.jpg,82
08322_Black_Tern_0066_144541.jpg,142
08362_Caspian_Tern_0111_145995.jpg,142
08403_Caspian_Tern_0023_147194.jpg,60
08364_Caspian_Tern_0119_145492.jpg,142
08351_Caspian_Tern_0069_145931.jpg,52
08386_Caspian_Tern_0106_147645.jpg,100
08358_Caspian_Tern_0105_145673.jpg,62
08372_Caspian_Tern_0108_145278.jpg,62
08395_Caspian_Tern_0058_145886.jpg,100
08382_Caspian_Tern_0012_147632.jpg,142
08422_Common_Tern_0094_148309.jpg,145
08463_Common_Tern_0012_148477.jpg,145
08424_Common_Tern_0027_150113.jpg,142
08411_Common_Tern_0043_147753.jpg,40
08446_Common_Tern_0051_150469.jpg,144
08418_Common_Tern_0063_147789.jpg,40
08432_Common_Tern_0097_148874.jpg,65
08455_Common_Tern_0014_149194.jpg,83
08442_Common_Tern_0042_147897.jpg,71
08482_Elegant_Tern_0063_150873.jpg,140
08523_Elegant_Tern_0068_150526.jpg,100
08484_Elegant_Tern_0047_150626.jpg,142
08471_Elegant_Tern_0064_150822.jpg,142
08506_Elegant_Tern_0101_150715.jpg,71
08478_Elegant_Tern_0089_150854.jpg,142
08492_Elegant_Tern_0067_151185.jpg,61
08515_Elegant_Tern_0061_150524.jpg,140
08502_Elegant_Tern_0009_150954.jpg,142
08542_Forsters_Tern_0032_151384.jpg,146
08583_Forsters_Tern_0060_152190.jpg,2
08544_Forsters_Tern_0104_152666.jpg,140
08531_Forsters_Tern_0043_151332.jpg,142
08566_Forsters_Tern_0069_151229.jpg,142
08538_Forsters_Tern_0049_151631.jpg,144
08552_Forsters_Tern_0082_151937.jpg,100
08575_Forsters_Tern_0003_151547.jpg,145
08562_Forsters_Tern_0066_151478.jpg,145
08602_Least_Tern_0062_153259.jpg,145
08643_Least_Tern_0038_153087.jpg,145
08604_Least_Tern_0028_153781.jpg,67
08591_Least_Tern_0025_153678.jpg,62
08626_Least_Tern_0020_153458.jpg,146
08598_Least_Tern_0088_152941.jpg,84
08612_Least_Tern_0114_153840.jpg,144
08635_Least_Tern_0052_154021.jpg,146
08622_Least_Tern_0035_152932.jpg,140
08662_Green_Tailed_Towhee_0024_154855.jpg,148
08703_Green_Tailed_Towhee_0066_797439.jpg,183
08664_Green_Tailed_Towhee_0079_154764.jpg,147
08651_Green_Tailed_Towhee_0050_154898.jpg,177
08686_Green_Tailed_Towhee_0037_797405.jpg,146
08658_Green_Tailed_Towhee_0072_154946.jpg,73
08672_Green_Tailed_Towhee_0053_154921.jpg,33
08695_Green_Tailed_Towhee_0015_797425.jpg,15
08682_Green_Tailed_Towhee_0017_797400.jpg,98
08726_Brown_Thrasher_0020_155223.jpg,170
08722_Brown_Thrasher_0080_155200.jpg,197
08762_Brown_Thrasher_0120_155133.jpg,48
08724_Brown_Thrasher_0019_155216.jpg,119
08711_Brown_Thrasher_0021_155160.jpg,119
08746_Brown_Thrasher_0072_155406.jpg,24
08718_Brown_Thrasher_0105_155187.jpg,182
08732_Brown_Thrasher_0093_155309.jpg,98
08755_Brown_Thrasher_0106_155083.jpg,103
08742_Brown_Thrasher_0011_155370.jpg,35
08781_Sage_Thrasher_0045_155448.jpg,130
08822_Sage_Thrasher_0026_155646.jpg,182
08783_Sage_Thrasher_0068_155452.jpg,175
08770_Sage_Thrasher_0095_796446.jpg,33
08805_Sage_Thrasher_0069_155544.jpg,41
08777_Sage_Thrasher_0062_796462.jpg,183
08791_Sage_Thrasher_0050_155475.jpg,132
08814_Sage_Thrasher_0103_155575.jpg,149
08801_Sage_Thrasher_0104_155529.jpg,197
08845_Black_Capped_Vireo_0029_797469.jpg,154
08841_Black_Capped_Vireo_0038_797465.jpg,152
08873_Black_Capped_Vireo_0019_797479.jpg,105
08843_Black_Capped_Vireo_0003_797467.jpg,150
08830_Black_Capped_Vireo_0041_797452.jpg,150
08865_Black_Capped_Vireo_0037_797495.jpg,157
08837_Black_Capped_Vireo_0020_797461.jpg,175
08851_Black_Capped_Vireo_0004_797476.jpg,170
08861_Black_Capped_Vireo_0006_797491.jpg,42
08892_Blue_Headed_Vireo_0028_156217.jpg,19
08933_Blue_Headed_Vireo_0039_156397.jpg,27
08894_Blue_Headed_Vireo_0068_156222.jpg,164
08881_Blue_Headed_Vireo_0020_155994.jpg,77
08916_Blue_Headed_Vireo_0019_156311.jpg,155
08888_Blue_Headed_Vireo_0008_155950.jpg,155
08902_Blue_Headed_Vireo_0055_156247.jpg,175
08925_Blue_Headed_Vireo_0098_156348.jpg,181
08912_Blue_Headed_Vireo_0097_156272.jpg,108
08956_Philadelphia_Vireo_0021_794765.jpg,176
08952_Philadelphia_Vireo_0083_794761.jpg,166
08992_Philadelphia_Vireo_0020_156663.jpg,152
08954_Philadelphia_Vireo_0068_794763.jpg,178
08941_Philadelphia_Vireo_0047_156521.jpg,154
08976_Philadelphia_Vireo_0023_794797.jpg,154
08948_Philadelphia_Vireo_0085_794757.jpg,152
08962_Philadelphia_Vireo_0003_156565.jpg,178
08985_Philadelphia_Vireo_0007_156617.jpg,181
08972_Philadelphia_Vireo_0043_794792.jpg,152
09011_Red_Eyed_Vireo_0023_156800.jpg,171
09052_Red_Eyed_Vireo_0126_157179.jpg,153
09013_Red_Eyed_Vireo_0020_156875.jpg,156
09000_Red_Eyed_Vireo_0003_157226.jpg,153
09035_Red_Eyed_Vireo_0006_157025.jpg,176
09007_Red_Eyed_Vireo_0123_156780.jpg,76
09021_Red_Eyed_Vireo_0038_156963.jpg,15
09044_Red_Eyed_Vireo_0075_158151.jpg,178
09031_Red_Eyed_Vireo_0115_157004.jpg,177
09071_Warbling_Vireo_0081_158344.jpg,151
09112_Warbling_Vireo_0007_158717.jpg,155
09073_Warbling_Vireo_0087_158355.jpg,184
09060_Warbling_Vireo_0067_158283.jpg,156
09095_Warbling_Vireo_0089_158519.jpg,77
09067_Warbling_Vireo_0073_158315.jpg,153
09081_Warbling_Vireo_0072_158422.jpg,16
09104_Warbling_Vireo_0022_158144.jpg,171
09091_Warbling_Vireo_0030_158488.jpg,155
09131_White_Eyed_Vireo_0078_159382.jpg,153
09172_White_Eyed_Vireo_0059_159225.jpg,153
09133_White_Eyed_Vireo_0134_158889.jpg,183
09120_White_Eyed_Vireo_0064_159286.jpg,153
09155_White_Eyed_Vireo_0130_159075.jpg,68
09127_White_Eyed_Vireo_0049_158835.jpg,153
09141_White_Eyed_Vireo_0026_158963.jpg,165
09164_White_Eyed_Vireo_0032_159145.jpg,118
09151_White_Eyed_Vireo_0022_159037.jpg,42
09195_Yellow_Throated_Vireo_0016_794981.jpg,157
09191_Yellow_Throated_Vireo_0073_159583.jpg,155
09231_Yellow_Throated_Vireo_0031_159712.jpg,156
09193_Yellow_Throated_Vireo_0012_794977.jpg,162
09180_Yellow_Throated_Vireo_0023_159584.jpg,154
09215_Yellow_Throated_Vireo_0002_159625.jpg,155
09187_Yellow_Throated_Vireo_0021_794971.jpg,192
09201_Yellow_Throated_Vireo_0027_794989.jpg,177
09224_Yellow_Throated_Vireo_0046_159668.jpg,151
09211_Yellow_Throated_Vireo_0028_795008.jpg,175
09250_Bay_Breasted_Warbler_0018_159897.jpg,108
09291_Bay_Breasted_Warbler_0089_797141.jpg,138
09252_Bay_Breasted_Warbler_0085_797107.jpg,67
09239_Bay_Breasted_Warbler_0032_797150.jpg,30
09274_Bay_Breasted_Warbler_0105_797143.jpg,56
09246_Bay_Breasted_Warbler_0019_159871.jpg,162
09260_Bay_Breasted_Warbler_0082_797121.jpg,129
09283_Bay_Breasted_Warbler_0078_797163.jpg,162
09270_Bay_Breasted_Warbler_0031_797137.jpg,154
09310_Black_And_White_Warbler_0091_160896.jpg,188
09351_Black_And_White_Warbler_0060_160764.jpg,158
09312_Black_And_White_Warbler_0061_160404.jpg,163
09299_Black_And_White_Warbler_0001_160352.jpg,163
09334_Black_And_White_Warbler_0085_160110.jpg,158
09306_Black_And_White_Warbler_0089_160370.jpg,73
09320_Black_And_White_Warbler_0114_160537.jpg,170
09343_Black_And_White_Warbler_0034_160695.jpg,186
09330_Black_And_White_Warbler_0032_160569.jpg,119
09374_Black_Throated_Blue_Warbler_0073_161558.jpg,164
09370_Black_Throated_Blue_Warbler_0009_161534.jpg,138
09410_Black_Throated_Blue_Warbler_0107_161214.jpg,31
09372_Black_Throated_Blue_Warbler_0123_161542.jpg,56
09359_Black_Throated_Blue_Warbler_0043_161438.jpg,108
09394_Black_Throated_Blue_Warbler_0053_161684.jpg,138
09366_Black_Throated_Blue_Warbler_0022_161520.jpg,161
09380_Black_Throated_Blue_Warbler_0072_161636.jpg,82
09403_Black_Throated_Blue_Warbler_0086_161716.jpg,182
09390_Black_Throated_Blue_Warbler_0076_161162.jpg,159
09429_Blue_Winged_Warbler_0034_161861.jpg,152
09470_Blue_Winged_Warbler_0094_161790.jpg,182
09431_Blue_Winged_Warbler_0042_161869.jpg,163
09418_Blue_Winged_Warbler_0026_161813.jpg,172
09453_Blue_Winged_Warbler_0045_161997.jpg,41
09425_Blue_Winged_Warbler_0036_161758.jpg,169
09439_Blue_Winged_Warbler_0060_161888.jpg,67
09462_Blue_Winged_Warbler_0089_162026.jpg,161
09449_Blue_Winged_Warbler_0072_161991.jpg,161
09489_Canada_Warbler_0020_162354.jpg,151
09530_Canada_Warbler_0032_162229.jpg,138
09491_Canada_Warbler_0007_162364.jpg,178
09478_Canada_Warbler_0048_162326.jpg,184
09513_Canada_Warbler_0120_162415.jpg,30
09485_Canada_Warbler_0009_162343.jpg,16
09499_Canada_Warbler_0085_162385.jpg,174
09522_Canada_Warbler_0047_162439.jpg,117
09509_Canada_Warbler_0037_162405.jpg,102
09549_Cape_May_Warbler_0015_163159.jpg,192
09590_Cape_May_Warbler_0084_163132.jpg,162
09551_Cape_May_Warbler_0049_162909.jpg,175
09538_Cape_May_Warbler_0113_163130.jpg,157
09573_Cape_May_Warbler_0095_162965.jpg,33
09545_Cape_May_Warbler_0088_163149.jpg,127
09559_Cape_May_Warbler_0028_163177.jpg,196
09582_Cape_May_Warbler_0066_163005.jpg,123
09569_Cape_May_Warbler_0062_162955.jpg,157
09609_Cerulean_Warbler_0047_797211.jpg,183
09650_Cerulean_Warbler_0018_797183.jpg,164
09611_Cerulean_Warbler_0007_797215.jpg,40
09598_Cerulean_Warbler_0053_797197.jpg,150
09633_Cerulean_Warbler_0057_163227.jpg,183
09605_Cerulean_Warbler_0063_797204.jpg,161
09619_Cerulean_Warbler_0054_797235.jpg,174
09642_Cerulean_Warbler_0076_163294.jpg,93
09629_Cerulean_Warbler_0072_163200.jpg,152
09669_Chestnut_Sided_Warbler_0090_163629.jpg,176
09710_Chestnut_Sided_Warbler_0126_164090.jpg,168
09671_Chestnut_Sided_Warbler_0104_163638.jpg,168
09658_Chestnut_Sided_Warbler_0046_163856.jpg,162
09693_Chestnut_Sided_Warbler_0013_163749.jpg,163
09665_Chestnut_Sided_Warbler_0121_164125.jpg,158
09679_Chestnut_Sided_Warbler_0101_164324.jpg,162
09702_Chestnut_Sided_Warbler_0083_164056.jpg,158
09689_Chestnut_Sided_Warbler_0058_163990.jpg,159
09733_Golden_Winged_Warbler_0052_164529.jpg,151
09729_Golden_Winged_Warbler_0012_164496.jpg,159
09769_Golden_Winged_Warbler_0013_794837.jpg,165
09731_Golden_Winged_Warbler_0061_164516.jpg,199
09718_Golden_Winged_Warbler_0042_164437.jpg,125
09753_Golden_Winged_Warbler_0044_794836.jpg,131
09725_Golden_Winged_Warbler_0003_164469.jpg,169
09739_Golden_Winged_Warbler_0087_794810.jpg,41
09762_Golden_Winged_Warbler_0054_794847.jpg,180
09749_Golden_Winged_Warbler_0078_794827.jpg,163
09788_Hooded_Warbler_0104_164982.jpg,93
09829_Hooded_Warbler_0085_164846.jpg,20
09790_Hooded_Warbler_0133_165016.jpg,41
09777_Hooded_Warbler_0030_164897.jpg,180
09812_Hooded_Warbler_0062_165199.jpg,159
09784_Hooded_Warbler_0070_164930.jpg,155
09798_Hooded_Warbler_0048_164622.jpg,171
09821_Hooded_Warbler_0090_164794.jpg,54
09808_Hooded_Warbler_0040_165173.jpg,151
09852_Kentucky_Warbler_0033_165271.jpg,196
09848_Kentucky_Warbler_0043_165240.jpg,177
09888_Kentucky_Warbler_0020_795903.jpg,198
09850_Kentucky_Warbler_0042_165268.jpg,167
09837_Kentucky_Warbler_0014_165336.jpg,169
09872_Kentucky_Warbler_0012_795875.jpg,178
09844_Kentucky_Warbler_0027_795917.jpg,166
09858_Kentucky_Warbler_0025_165304.jpg,166
09881_Kentucky_Warbler_0041_795888.jpg,169
09868_Kentucky_Warbler_0082_795869.jpg,171
09911_Magnolia_Warbler_0139_166081.jpg,156
09907_Magnolia_Warbler_0039_165532.jpg,164
09947_Magnolia_Warbler_0102_165884.jpg,163
09909_Magnolia_Warbler_0004_165535.jpg,168
09896_Magnolia_Warbler_0018_165958.jpg,162
09931_Magnolia_Warbler_0043_165774.jpg,171
09903_Magnolia_Warbler_0111_165478.jpg,151
09917_Magnolia_Warbler_0046_166150.jpg,168
09940_Magnolia_Warbler_0076_165832.jpg,155
09927_Magnolia_Warbler_0022_165693.jpg,168
09966_Mourning_Warbler_0029_166530.jpg,180
10007_Mourning_Warbler_0054_795387.jpg,173
09968_Mourning_Warbler_0015_166535.jpg,153
09955_Mourning_Warbler_0008_166467.jpg,98
09990_Mourning_Warbler_0060_795355.jpg,169
09962_Mourning_Warbler_0007_166500.jpg,37
09976_Mourning_Warbler_0077_166567.jpg,115
09999_Mourning_Warbler_0065_795374.jpg,177
09986_Mourning_Warbler_0053_795345.jpg,177
10026_Myrtle_Warbler_0102_166725.jpg,170
10067_Myrtle_Warbler_0007_166897.jpg,162
10028_Myrtle_Warbler_0054_166985.jpg,35
10015_Myrtle_Warbler_0101_166942.jpg,129
10050_Myrtle_Warbler_0067_166828.jpg,164
10022_Myrtle_Warbler_0045_166710.jpg,159
10036_Myrtle_Warbler_0084_166747.jpg,138
10059_Myrtle_Warbler_0030_166732.jpg,17
10046_Myrtle_Warbler_0073_166798.jpg,162
10086_Nashville_Warbler_0121_167078.jpg,97
10127_Nashville_Warbler_0075_167419.jpg,34
10088_Nashville_Warbler_0130_167101.jpg,177
10075_Nashville_Warbler_0128_166444.jpg,172
10110_Nashville_Warbler_0037_167280.jpg,164
10082_Nashville_Warbler_0086_167045.jpg,171
10096_Nashville_Warbler_0018_167191.jpg,179
10119_Nashville_Warbler_0060_167347.jpg,182
10106_Nashville_Warbler_0108_167259.jpg,179
10146_Orange_Crowned_Warbler_0111_168040.jpg,19
10187_Orange_Crowned_Warbler_0126_168445.jpg,156
10148_Orange_Crowned_Warbler_0042_167614.jpg,172
10135_Orange_Crowned_Warbler_0037_167687.jpg,156
10170_Orange_Crowned_Warbler_0001_167660.jpg,47
10142_Orange_Crowned_Warbler_0090_167607.jpg,157
10156_Orange_Crowned_Warbler_0120_167587.jpg,179
10179_Orange_Crowned_Warbler_0079_168372.jpg,172
10166_Orange_Crowned_Warbler_0028_167641.jpg,167
10206_Palm_Warbler_0046_169837.jpg,197
10247_Palm_Warbler_0134_168943.jpg,34
10208_Palm_Warbler_0028_169670.jpg,123
10195_Palm_Warbler_0002_169527.jpg,34
10230_Palm_Warbler_0012_170857.jpg,132
10202_Palm_Warbler_0133_169575.jpg,124
10216_Palm_Warbler_0068_170243.jpg,172
10239_Palm_Warbler_0005_169918.jpg,108
10226_Palm_Warbler_0116_170319.jpg,151
10266_Pine_Warbler_0060_171635.jpg,172
10307_Pine_Warbler_0101_171501.jpg,84
10268_Pine_Warbler_0133_171641.jpg,182
10255_Pine_Warbler_0032_172080.jpg,128
10290_Pine_Warbler_0008_171330.jpg,16
10262_Pine_Warbler_0106_171107.jpg,47
10276_Pine_Warbler_0097_171671.jpg,151
10299_Pine_Warbler_0113_172456.jpg,151
10286_Pine_Warbler_0122_171274.jpg,174
10326_Prairie_Warbler_0104_172615.jpg,168
10367_Prairie_Warbler_0014_172542.jpg,129
10328_Prairie_Warbler_0002_172622.jpg,180
10315_Prairie_Warbler_0007_173081.jpg,166
10350_Prairie_Warbler_0031_172818.jpg,157
10322_Prairie_Warbler_0123_172603.jpg,174
10336_Prairie_Warbler_0080_172724.jpg,175
10359_Prairie_Warbler_0126_172931.jpg,54
10346_Prairie_Warbler_0106_173071.jpg,124
10386_Prothonotary_Warbler_0090_174183.jpg,46
10427_Prothonotary_Warbler_0031_174578.jpg,68
10388_Prothonotary_Warbler_0124_173686.jpg,151
10375_Prothonotary_Warbler_0063_173830.jpg,165
10410_Prothonotary_Warbler_0037_173418.jpg,62
10382_Prothonotary_Warbler_0108_174125.jpg,18
10396_Prothonotary_Warbler_0057_173865.jpg,194
10419_Prothonotary_Warbler_0040_173447.jpg,72
10406_Prothonotary_Warbler_0098_173913.jpg,79
10446_Swainson_Warbler_0051_794900.jpg,180
10483_Swainson_Warbler_0023_174717.jpg,41
10448_Swainson_Warbler_0007_174745.jpg,179
10435_Swainson_Warbler_0048_794887.jpg,16
10470_Swainson_Warbler_0030_794864.jpg,36
10442_Swainson_Warbler_0042_794895.jpg,177
10456_Swainson_Warbler_0053_174678.jpg,31
10479_Swainson_Warbler_0004_794874.jpg,183
10466_Swainson_Warbler_0039_794859.jpg,192
10506_Tennessee_Warbler_0025_174973.jpg,151
10502_Tennessee_Warbler_0062_174949.jpg,157
10542_Tennessee_Warbler_0015_174847.jpg,172
10504_Tennessee_Warbler_0085_156530.jpg,151
10491_Tennessee_Warbler_0084_174891.jpg,160
10526_Tennessee_Warbler_0019_174786.jpg,178
10498_Tennessee_Warbler_0045_174913.jpg,174
10512_Tennessee_Warbler_0067_174999.jpg,98
10535_Tennessee_Warbler_0076_174807.jpg,96
10522_Tennessee_Warbler_0081_174771.jpg,154
10561_Wilson_Warbler_0129_175256.jpg,97
10602_Wilson_Warbler_0132_175600.jpg,139
10563_Wilson_Warbler_0080_175770.jpg,179
10550_Wilson_Warbler_0070_175169.jpg,178
10585_Wilson_Warbler_0060_175420.jpg,174
10557_Wilson_Warbler_0075_175234.jpg,180
10571_Wilson_Warbler_0054_175285.jpg,176
10594_Wilson_Warbler_0016_175532.jpg,152
10581_Wilson_Warbler_0134_175374.jpg,178
10625_Worm_Eating_Warbler_0002_795533.jpg,169
10621_Worm_Eating_Warbler_0090_795523.jpg,93
10661_Worm_Eating_Warbler_0039_176120.jpg,132
10623_Worm_Eating_Warbler_0016_795528.jpg,174
10610_Worm_Eating_Warbler_0046_176053.jpg,196
10645_Worm_Eating_Warbler_0015_795570.jpg,108
10617_Worm_Eating_Warbler_0012_795515.jpg,115
10631_Worm_Eating_Warbler_0056_795547.jpg,42
10654_Worm_Eating_Warbler_0053_176079.jpg,151
10641_Worm_Eating_Warbler_0014_176042.jpg,169
10680_Yellow_Warbler_0114_176201.jpg,15
10721_Yellow_Warbler_0106_176383.jpg,171
10682_Yellow_Warbler_0034_176204.jpg,166
10669_Yellow_Warbler_0014_176414.jpg,196
10704_Yellow_Warbler_0096_176586.jpg,20
10676_Yellow_Warbler_0039_176444.jpg,97
10690_Yellow_Warbler_0030_176236.jpg,199
10713_Yellow_Warbler_0105_176849.jpg,161
10700_Yellow_Warbler_0104_176541.jpg,151
10740_Northern_Waterthrush_0082_177243.jpg,128
10781_Northern_Waterthrush_0020_177149.jpg,17
10742_Northern_Waterthrush_0023_177002.jpg,162
10729_Northern_Waterthrush_0021_177187.jpg,182
10764_Northern_Waterthrush_0009_177078.jpg,183
10736_Northern_Waterthrush_0081_176972.jpg,182
10750_Northern_Waterthrush_0090_177283.jpg,26
10773_Northern_Waterthrush_0098_177116.jpg,28
10760_Northern_Waterthrush_0043_177070.jpg,109
10800_Louisiana_Waterthrush_0049_795244.jpg,128
10841_Louisiana_Waterthrush_0025_177403.jpg,45
10802_Louisiana_Waterthrush_0091_795246.jpg,55
10789_Louisiana_Waterthrush_0035_177457.jpg,34
10824_Louisiana_Waterthrush_0055_795280.jpg,183
10796_Louisiana_Waterthrush_0014_795238.jpg,183
10810_Louisiana_Waterthrush_0076_795257.jpg,17
10833_Louisiana_Waterthrush_0052_177519.jpg,183
10820_Louisiana_Waterthrush_0001_795271.jpg,194
10860_Bohemian_Waxwing_0099_177747.jpg,16
10901_Bohemian_Waxwing_0114_177621.jpg,93
10862_Bohemian_Waxwing_0101_796653.jpg,184
10849_Bohemian_Waxwing_0019_177684.jpg,150
10884_Bohemian_Waxwing_0031_796633.jpg,101
10856_Bohemian_Waxwing_0037_796638.jpg,184
10870_Bohemian_Waxwing_0092_796666.jpg,121
10893_Bohemian_Waxwing_0028_796647.jpg,73
10880_Bohemian_Waxwing_0021_796625.jpg,55
10920_Cedar_Waxwing_0013_178830.jpg,153
10961_Cedar_Waxwing_0037_179710.jpg,181
10922_Cedar_Waxwing_0069_179310.jpg,153
10909_Cedar_Waxwing_0076_178732.jpg,93
10944_Cedar_Waxwing_0003_178570.jpg,54
10916_Cedar_Waxwing_0058_178795.jpg,83
10930_Cedar_Waxwing_0051_178385.jpg,111
10953_Cedar_Waxwing_0093_178139.jpg,76
10940_Cedar_Waxwing_0103_179559.jpg,112
10980_American_Three_Toed_Woodpecker_0013_179833.jpg,186
11011_American_Three_Toed_Woodpecker_0035_796158.jpg,186
10982_American_Three_Toed_Woodpecker_0002_179885.jpg,27
10969_American_Three_Toed_Woodpecker_0031_796172.jpg,189
11004_American_Three_Toed_Woodpecker_0045_796148.jpg,186
10976_American_Three_Toed_Woodpecker_0019_179870.jpg,114
10990_American_Three_Toed_Woodpecker_0023_179909.jpg,106
11000_American_Three_Toed_Woodpecker_0029_796143.jpg,189
11030_Pileated_Woodpecker_0077_180286.jpg,81
11071_Pileated_Woodpecker_0051_179965.jpg,79
11032_Pileated_Woodpecker_0067_179979.jpg,186
11019_Pileated_Woodpecker_0105_180246.jpg,133
11054_Pileated_Woodpecker_0008_180400.jpg,187
11026_Pileated_Woodpecker_0082_180523.jpg,190
11040_Pileated_Woodpecker_0123_180076.jpg,187
11063_Pileated_Woodpecker_0106_180446.jpg,187
11050_Pileated_Woodpecker_0079_180388.jpg,190
11090_Red_Bellied_Woodpecker_0026_180783.jpg,35
11131_Red_Bellied_Woodpecker_0123_182116.jpg,186
11092_Red_Bellied_Woodpecker_0077_182334.jpg,188
11079_Red_Bellied_Woodpecker_0025_180756.jpg,188
11114_Red_Bellied_Woodpecker_0054_182031.jpg,27
11086_Red_Bellied_Woodpecker_0010_180772.jpg,102
11100_Red_Bellied_Woodpecker_0044_181122.jpg,188
11123_Red_Bellied_Woodpecker_0095_180948.jpg,188
11110_Red_Bellied_Woodpecker_0089_181907.jpg,124
11154_Red_Cockaded_Woodpecker_0012_794697.jpg,189
11150_Red_Cockaded_Woodpecker_0051_182347.jpg,189
11189_Red_Cockaded_Woodpecker_0063_794726.jpg,189
11152_Red_Cockaded_Woodpecker_0003_794695.jpg,27
11139_Red_Cockaded_Woodpecker_0020_182683.jpg,187
11174_Red_Cockaded_Woodpecker_0029_794724.jpg,136
11146_Red_Cockaded_Woodpecker_0015_182459.jpg,189
11160_Red_Cockaded_Woodpecker_0053_794707.jpg,189
11183_Red_Cockaded_Woodpecker_0039_794736.jpg,189
11170_Red_Cockaded_Woodpecker_0034_794720.jpg,189
11208_Red_Headed_Woodpecker_0006_183383.jpg,188
11249_Red_Headed_Woodpecker_0107_183290.jpg,186
11210_Red_Headed_Woodpecker_0071_183132.jpg,92
11197_Red_Headed_Woodpecker_0034_182806.jpg,137
11232_Red_Headed_Woodpecker_0013_182721.jpg,190
11204_Red_Headed_Woodpecker_0031_183096.jpg,57
11218_Red_Headed_Woodpecker_0103_183571.jpg,191
11241_Red_Headed_Woodpecker_0084_183004.jpg,131
11228_Red_Headed_Woodpecker_0020_183255.jpg,29
11268_Downy_Woodpecker_0003_183933.jpg,158
11309_Downy_Woodpecker_0043_184314.jpg,191
11270_Downy_Woodpecker_0027_183940.jpg,191
11257_Downy_Woodpecker_0059_184396.jpg,191
11292_Downy_Woodpecker_0005_184098.jpg,93
11264_Downy_Woodpecker_0073_184430.jpg,191
11278_Downy_Woodpecker_0058_184520.jpg,186
11301_Downy_Woodpecker_0048_184164.jpg,186
11288_Downy_Woodpecker_0098_184567.jpg,191
11328_Bewick_Wren_0025_184932.jpg,161
11369_Bewick_Wren_0049_185339.jpg,157
11330_Bewick_Wren_0112_184956.jpg,42
11317_Bewick_Wren_0023_185400.jpg,54
11352_Bewick_Wren_0005_184699.jpg,180
11324_Bewick_Wren_0107_184908.jpg,108
11338_Bewick_Wren_0073_185049.jpg,81
11361_Bewick_Wren_0127_184756.jpg,14
11348_Bewick_Wren_0118_185169.jpg,199
11388_Cactus_Wren_0116_185927.jpg,117
11429_Cactus_Wren_0123_186068.jpg,109
11390_Cactus_Wren_0041_185691.jpg,111
11377_Cactus_Wren_0095_185633.jpg,188
11412_Cactus_Wren_0069_186033.jpg,121
11384_Cactus_Wren_0102_185902.jpg,35
11398_Cactus_Wren_0014_185993.jpg,193
11421_Cactus_Wren_0034_185817.jpg,119
11408_Cactus_Wren_0020_186012.jpg,182
11448_Carolina_Wren_0014_186525.jpg,34
11489_Carolina_Wren_0122_186365.jpg,25
11450_Carolina_Wren_0019_186527.jpg,119
11437_Carolina_Wren_0082_186421.jpg,82
11472_Carolina_Wren_0069_186230.jpg,192
11444_Carolina_Wren_0125_187009.jpg,39
11458_Carolina_Wren_0108_186089.jpg,20
11481_Carolina_Wren_0068_186830.jpg,54
11468_Carolina_Wren_0020_186702.jpg,180
11512_House_Wren_0116_187604.jpg,162
11508_House_Wren_0011_187547.jpg,69
11548_House_Wren_0072_187899.jpg,33
11510_House_Wren_0063_188076.jpg,174
11497_House_Wren_0103_187466.jpg,67
11532_House_Wren_0094_187226.jpg,179
11504_House_Wren_0057_187157.jpg,194
11518_House_Wren_0130_187109.jpg,161
11541_House_Wren_0017_187330.jpg,171
11528_House_Wren_0062_187194.jpg,177
11567_Marsh_Wren_0071_188111.jpg,179
11608_Marsh_Wren_0119_188404.jpg,81
11569_Marsh_Wren_0006_188126.jpg,194
11556_Marsh_Wren_0118_188512.jpg,152
11591_Marsh_Wren_0012_188275.jpg,121
11563_Marsh_Wren_0099_188579.jpg,141
11577_Marsh_Wren_0145_188193.jpg,194
11600_Marsh_Wren_0015_188852.jpg,188
11587_Marsh_Wren_0051_188260.jpg,128
11627_Rock_Wren_0087_188988.jpg,14
11668_Rock_Wren_0033_189397.jpg,139
11629_Rock_Wren_0035_188998.jpg,124
11616_Rock_Wren_0113_189204.jpg,193
11651_Rock_Wren_0053_189112.jpg,33
11623_Rock_Wren_0019_188968.jpg,76
11637_Rock_Wren_0066_189034.jpg,145
11660_Rock_Wren_0045_189153.jpg,17
11647_Rock_Wren_0080_189340.jpg,111
11687_Winter_Wren_0063_189543.jpg,67
11728_Winter_Wren_0118_189805.jpg,18
11689_Winter_Wren_0082_189549.jpg,119
11676_Winter_Wren_0056_189508.jpg,82
11711_Winter_Wren_0048_189683.jpg,198
11683_Winter_Wren_0073_190044.jpg,195
11697_Winter_Wren_0131_190061.jpg,198
11720_Winter_Wren_0003_189838.jpg,79
11707_Winter_Wren_0141_190152.jpg,171
11747_Common_Yellowthroat_0045_190563.jpg,152
11788_Common_Yellowthroat_0055_190967.jpg,179
11749_Common_Yellowthroat_0111_190569.jpg,158
11736_Common_Yellowthroat_0003_190521.jpg,154
11771_Common_Yellowthroat_0021_190655.jpg,196
11743_Common_Yellowthroat_0106_190989.jpg,14
11757_Common_Yellowthroat_0059_190584.jpg,160
11780_Common_Yellowthroat_0040_190427.jpg,123
11767_Common_Yellowthroat_0075_190900.jpg,73
